0.034817427	-0.14039946	-0.045772873	-0.09684968	-0.03075552	-0.11043456	-0.16836119	-0.15206414	0.01366173	-0.15244633	-0.006532143	-0.094936416	-0.07921152	-0.055154115	0.108977325	0.0476824	-0.03955503	-0.12766813	-0.015095857	0.053852495	-0.015366205	-0.091501944	-0.1342835	0.08638006	0.03202025	0.061479215	-0.07482421	-0.023753235	-0.1293719	0.006879288	-0.017630905	0.08049275	0.09507032	-0.017275522	-0.15729144	0.05796831	-0.05178768	0.09651346	-0.1914994	0.04343286	0.01650311	0.12931721	0.0722618	0.008531386	0.027329523	0.011736037	-0.031381816	-0.025072347	0.03981988	0.045009606	0.079670444	-0.069607295	0.1441991	0.043165077	-0.0523642	0.06694361	-0.14053197	0.037658893	0.08886767	-0.048259415	0.0033757729	-0.00478757	0.01413015	-0.072044425	-0.03111415	0.043158196	-0.09064655	0.0013051399	0.006433075	0.040815085	0.100809634	0.01430009	-0.034373377	-0.030000763	-0.026592053	0.018648839	0.0138686905	0.113448225	-0.04456509	-0.005053639	-0.054199442	-0.14428893	0.08603213	0.018495807	-0.06624261	0.0023869802	0.002920833	0.012319334	-0.07464429	0.11710322	-0.15295872	0.039682012	-0.0013633214	-0.16048853	-0.0031464717	-0.10713293	0.07518959	0.011042254	-0.0015720658	-0.0063823145
-0.060735475	-0.19241242	0.06786398	-0.14894453	0.040679246	-0.162551	-0.12280773	-0.107984565	0.059961468	-0.06642292	-0.076617986	-0.09035271	-0.16475327	-0.044684835	0.11247881	0.019447273	-0.04631914	-0.06887075	-0.00022011691	0.052732307	-0.055627573	-0.11188492	-0.12757838	0.05475722	0.040890608	0.052017618	-0.020373696	0.019961692	-0.16850197	-0.007822494	0.03520497	0.07802471	0.089662	-0.0023343626	-0.1739121	0.028277682	-0.04232934	0.069539905	-0.20899479	0.049688805	0.06433843	0.11158068	0.04674849	-0.02292217	0.08924707	0.025562327	-0.048954707	0.0221901	0.07227153	-0.01450631	0.079641625	-0.03644037	0.08500301	0.024284074	-0.044807054	0.027060006	-0.17801252	0.06444255	0.071227096	-0.08362666	0.030825594	0.02270906	0.0071361028	-0.024712805	-0.016043952	0.03313244	-0.092774704	-0.025839169	0.0044995556	-0.018315108	0.023859423	-0.031139337	-0.047456257	-0.022214042	0.03418312	0.04171363	0.011475233	0.08416176	0.0114658205	0.005172925	-0.021438487	-0.11271242	0.11546331	0.06673534	-0.041397594	0.039497495	-0.0293346	-0.034725916	-0.08984879	0.102951646	-0.14347686	0.03971182	-0.009118101	-0.18841231	0.012605249	-0.09988638	0.08229488	0.06606598	-0.0854924	0.0037317474
0.030420717	-0.083129406	-0.04521078	-0.04726652	-0.031988673	-0.02629937	-0.027265241	-0.064730644	0.08174215	-0.078646466	-0.10076173	-0.054675568	-0.057042647	-0.11130804	0.06531916	0.031808767	-0.09871901	-0.08275291	-0.04015475	0.04386273	-0.02963991	-0.12572488	-0.09234304	0.100293934	0.039844763	0.011748652	-0.032262396	0.042443167	-0.07857715	0.018048542	-0.009755128	0.021563347	0.06632082	0.013299386	-0.16697037	-0.0020069438	-0.07868099	0.034410834	-0.0965914	0.06818452	0.047950923	0.06406314	-0.007050176	0.03060202	0.06937753	-0.0002981043	-0.015455961	-0.028027052	0.06439095	0.011087759	0.030386051	-0.028952686	0.09874141	-0.02020426	-0.013111085	0.10493844	-0.2108583	0.080207944	0.021931987	-0.04487573	-0.03568395	-0.05005647	-0.03708206	-0.049941063	0.036328193	-0.016429022	-0.040736176	-0.023631772	-0.0700342	-0.048368946	-0.005015347	0.035120904	-0.08081475	0.012864972	-0.024175173	-0.05883399	0.057928823	0.14180359	-0.009541902	-0.0766802	0.0058713257	-0.16654024	0.15190765	0.0853192	-0.041080303	-0.022487497	0.037597556	0.054272603	-0.07376126	0.11774907	-0.1416537	-0.021208154	-0.062472522	-0.24435298	-0.010030833	-0.13826555	0.06927571	0.060891315	0.04147957	-0.049130913
0.053311314	-0.11845469	-0.07123293	-0.042857837	-0.0906574	0.0075943037	-0.14032732	-0.05599362	0.024992319	-0.083321676	-0.1357286	-0.016383216	-0.109828144	-0.037194252	0.10626075	0.012213297	-0.12719971	-0.09532032	-0.008623903	0.053200547	-0.05352897	-0.12499762	-0.11589815	0.12521327	0.052807834	0.049955834	-0.09260992	0.05973799	-0.096721835	0.03586166	-0.034549534	0.062013708	0.0805226	0.014050022	-0.13809851	0.015229672	-0.07676137	0.024306372	-0.042794522	0.09852445	-0.011342475	0.049978305	-0.009724941	0.019065477	0.04092157	0.027375488	-0.039162904	-0.048404526	0.060926944	0.014923542	-0.008443825	-0.03469804	0.104021356	-0.034954406	-0.028819198	0.07941043	-0.15398796	0.10196642	0.026894573	-0.023392338	0.013493493	-0.080332555	-0.050504617	-0.034748264	0.04135051	0.012050168	-0.031853672	-0.030543897	-0.07156702	-0.03515463	-0.003404669	0.057247777	-0.07317027	0.061790697	-0.04295727	-0.02275256	0.105040275	0.16540751	0.013556017	-0.050723907	0.019347737	-0.1836788	0.07716044	0.12230627	-0.09746833	-0.061921507	-0.01027605	0.053867504	-0.053842183	0.015329446	-0.118905835	-0.0014191598	-0.10488419	-0.19041967	-0.019649858	-0.060624763	0.03257321	0.05881947	0.050444733	-0.0042699324
-0.0041868137	-0.16963485	-0.035987113	-0.1296321	0.012838094	-0.122383796	-0.12427845	-0.11183989	0.016936481	-0.049160145	-0.13728207	-0.06776768	-0.17796443	-0.047956895	0.07397981	0.04544913	-0.09037075	-0.11728621	0.034127414	0.041873198	-0.07891499	-0.12942854	-0.109618194	0.079948634	0.05724743	0.07546103	-0.036269665	0.10553257	-0.10992604	0.0316406	0.030392298	0.06739193	0.042653594	0.029817939	-0.1310739	0.01737672	-0.05748377	0.048781015	-0.15278126	0.030758638	0.03702976	0.09123803	0.0040825973	-0.008707778	0.12009639	0.031174246	-0.01646051	0.034569275	0.07148668	-0.051403895	0.08299475	-0.0719507	0.06743177	0.061214715	-0.04121678	0.054848365	-0.16098593	0.07613183	0.037210874	-0.05931638	0.0074995174	0.0026724918	0.001195966	-0.025554994	0.06506061	0.11119544	-0.068882994	-0.020191731	-0.06410731	-0.053491946	-0.064679615	-0.06246463	-0.08316227	-0.012802407	0.004970482	-0.019629724	0.0054283664	0.08487785	-0.015485854	0.0013747845	0.023326809	-0.12946387	0.16163486	0.0875337	-0.07648463	-0.008120843	-0.05137047	0.005233233	-0.05436778	0.05721104	-0.1806	0.08499341	-0.039009128	-0.16233659	-0.016640496	-0.06304368	0.11536268	0.02496061	-0.032571845	-0.0051043
-0.0060967715	-0.09699211	-0.020038808	-0.09497998	-0.048219103	-0.04103395	-0.1090861	-0.12268919	-0.0015403042	-0.036177784	-0.13396303	-0.047739416	-0.13937216	-0.0875807	0.06317283	0.07404694	-0.041307654	-0.1421655	0.030182162	0.009348451	-0.032517206	-0.07826142	-0.15440536	0.10400151	0.08524845	0.04118351	-0.07268073	0.107337125	-0.064587325	0.06396557	0.031708643	0.033282902	0.077950366	-0.024167513	-0.19773914	0.06772658	-0.08463439	0.0846578	-0.13118403	0.058810838	-0.04578547	0.10060467	0.038604338	-0.007904979	0.11427901	0.03756194	-0.026087064	0.06734768	0.07030829	0.010120666	0.050894897	-0.06345092	0.10169735	0.045927726	-0.06247774	0.075006805	-0.15416582	0.07745975	0.012717757	-0.008660915	-0.012157606	-0.019170381	0.011708662	-0.030748643	-0.006236506	0.059331995	-0.060102355	-0.03282055	-0.034377333	-0.041664146	-0.024766926	-0.018754585	-0.04650201	-0.014821818	-0.00793246	-0.025007872	-0.014369317	0.10757209	-0.045489475	-0.016860588	-0.009014663	-0.09819934	0.092851765	0.06695661	-0.09708102	-0.050807968	-0.007967766	-0.005694772	-0.10007527	0.06353415	-0.12295178	-0.0005641351	-0.010745802	-0.15162812	-0.00590213	-0.070372805	0.07539849	-0.007770654	-0.019344283	-0.030551199
-0.060845755	-0.080448814	0.04855359	-0.13028303	0.025504742	-0.10400846	-0.07716958	-0.14822224	0.033589695	-0.028845437	-0.030253982	-0.041097127	-0.15087807	-0.1193799	0.09737524	0.06147255	-0.018231614	-0.093990184	0.020909468	0.06781566	-0.0384535	-0.09846934	-0.14560556	0.05424568	0.06256133	0.046240184	-0.050031897	0.06619005	-0.12587021	0.037417494	0.0044775377	0.062336575	0.10905332	-0.001755361	-0.20509021	0.06521115	-0.053534217	0.0967851	-0.14321148	0.05723854	-0.03912291	0.11099671	0.07302757	-0.034312118	0.09575406	0.051280413	-0.0025507475	0.05993145	0.097840026	0.0033134376	0.02340151	-0.058384754	0.07187062	0.012050112	-0.04415638	0.054688036	-0.18150172	0.09446099	0.023742309	-0.026278654	-0.006895479	0.021450153	-0.007986732	-0.073278785	-0.013917279	0.01728207	-0.081715286	-0.00056206057	-0.03499595	-0.013977784	-0.024716992	-0.0066719567	-0.07761596	0.0067423247	-0.0020980283	-0.050600067	-0.003250156	0.05913466	-0.006917383	-0.07091913	-0.005242142	-0.105051756	0.11358387	0.08565125	-0.058403224	-0.022176815	0.042409886	0.053556547	-0.062257975	0.14311631	-0.09114905	-0.0035935622	-0.005765938	-0.13584223	0.020711754	-0.119114265	0.09197576	-0.016537536	-0.005445671	-0.06643879
0.04597395	-0.18246183	-0.025221989	-0.04908319	0.013162194	-0.036301047	-0.14117385	0.012050582	0.13403122	-0.12464899	-0.11754133	-0.048275795	-0.10628319	-0.08815927	0.15216842	0.01859046	-0.12036527	-0.026473979	-0.01586013	0.11229868	-0.09421285	-0.1372672	-0.13188335	0.06783909	0.023181802	0.026308052	-0.030909298	0.013240675	-0.06351466	-0.0337285	-0.04667062	0.027426831	0.06111792	0.069603644	-0.15349181	0.026340198	-0.049609	-0.005324567	-0.04608847	0.03188542	-0.013165529	0.023290137	0.013805588	0.030625675	0.062113494	-0.04602914	-0.11892846	-0.07732783	0.09925318	0.0011711736	0.027684733	-0.05468279	0.13134943	-0.05823191	-0.0061933985	0.119257465	-0.2525859	0.07599866	0.059005696	-0.07318607	-0.007394984	0.032819968	0.020519622	0.014494741	0.07277429	-0.016960176	-0.028684977	0.0639348	-0.023449041	-0.0118347835	-0.040504295	0.03770906	-0.09157353	0.06856511	-0.0873688	-0.091456056	0.20648971	0.14141592	0.07178671	0.008155255	0.011629085	-0.1975555	0.053075984	0.1695542	-0.037915207	-0.044540707	-0.028492682	0.1458063	-0.048045367	0.06961668	-0.12423439	0.0064841276	-0.07851454	-0.22360925	0.028557604	-0.12825245	0.077687874	0.17923373	0.030936025	0.038451236
0.028332109	-0.054489348	-0.11683614	-0.015784798	-0.10545764	0.073418744	-0.025684219	-0.020987595	0.031091465	-0.090901464	-0.13220514	-0.04949855	-0.045387167	-0.08098936	0.07102721	0.012492911	-0.104396544	-0.08631473	-0.09704795	0.037042268	-0.049059257	-0.11746465	-0.100282796	0.13688625	0.052687354	0.0316461	-0.055583254	0.05119471	-0.11233593	0.07928664	-0.08355656	0.008259903	0.03574032	-0.052346088	-0.13411826	-0.013509002	-0.079790145	0.023569888	-0.015669433	0.12380805	0.014842362	0.08121343	0.011987187	0.033299305	0.043473553	0.03742357	0.010648239	-0.048946068	0.06912795	0.034519088	0.050704747	-0.06813769	0.077943474	-0.032556977	-0.006096453	0.1331642	-0.23056273	0.11609522	-0.030746661	-0.008219344	-0.021927714	-0.064945936	-0.09453077	-0.09039176	0.05307008	-0.008475004	-0.011705603	-0.068567924	-0.13733995	-0.062870115	-0.02779883	-0.0028991036	-0.10876914	0.096483655	-0.02175673	0.0006109898	0.057842802	0.1560567	-0.0061043957	-0.065798245	0.09624216	-0.1900899	0.108753875	0.10462397	-0.030738272	-0.073396705	0.0023202195	0.05248712	-0.0025507188	0.016836327	-0.14351746	-0.00530803	-0.06354646	-0.17831255	-0.02172643	-0.059384935	0.057136755	0.0058953194	0.047999658	-0.053726908
0.02184629	-0.09289384	-0.056712832	-0.04282889	0.0043708053	-0.038094077	-0.034791023	-0.12316472	0.07322974	-0.095253244	-0.16414985	-0.14598669	-0.06444734	-0.029437408	0.0703968	-0.010628999	-0.071571395	-0.10193133	-0.047884222	0.032696236	-0.054163687	-0.17444809	-0.14748201	0.14054249	-0.019965133	0.04467267	-0.070618756	0.10432246	-0.06855272	0.07226843	-0.0048950715	0.012013171	0.050887037	-0.053630877	-0.1408432	0.03195874	-0.041986626	0.07683911	-0.073457055	0.015113676	0.0073981923	0.07251579	0.0030978706	-0.0014781535	0.10403499	0.07740045	-0.004345103	0.010486797	-0.02160103	0.037678238	0.072096415	-0.03482287	0.05808578	0.048625253	-0.010078682	0.074087456	-0.19014391	0.09084745	0.042992342	-0.039931223	-0.010617719	-0.05340058	-0.021355912	-0.056490928	0.05569179	0.046097126	-0.08481059	-0.07635169	-0.06873005	-0.012363963	-0.03148189	-0.06929375	-0.09144921	-0.007514001	-0.009023407	0.020276692	-0.0120505355	0.10322788	-0.0054392125	-0.062110327	0.022779796	-0.14037885	0.10575101	0.035313368	-0.052119743	-0.012171795	0.010203476	-0.034347378	-0.05934154	0.06723983	-0.1399269	-0.009186399	0.033684596	-0.20729735	-0.050228547	-0.0620141	0.035878874	-0.065880485	-0.0061808606	-0.04575392
0.022714354	-0.15358348	-0.03951255	-0.053352673	-0.009383198	-0.07937031	-0.1131036	-0.0686251	0.090570614	-0.12742788	-0.08581862	-0.054846775	-0.10543886	-0.10781737	0.13142006	0.007264235	-0.073335096	-0.07928343	-0.026032753	0.082504675	-0.037525598	-0.1949388	-0.087586515	0.08198247	0.034369834	0.061097883	-0.043314457	-0.03582919	-0.0737413	-0.022680297	-0.025327368	0.053128093	0.098038815	0.080513224	-0.12719995	0.023525046	-0.05336548	-0.0016012475	-0.06448709	-0.0052017206	0.0007110745	0.039444774	0.012627035	0.02944509	0.06892774	0.02972293	-0.07906736	-0.04380727	0.041900344	0.012789726	-0.008312137	-0.10526044	0.13223392	-0.0349064	-0.0174815	0.12998746	-0.21364138	0.072934166	0.08092345	-0.08756515	0.030977668	-0.016216071	0.0046292995	-0.054870516	0.03648515	0.03852969	-0.039348	0.04109344	-0.05056417	0.0007092608	-0.009751332	0.008427847	-0.06408468	-0.0028529577	-0.074969195	-0.023539864	0.1493251	0.09976926	-0.0020989387	-0.055544924	-0.022294948	-0.16033201	0.10855729	0.14505221	-0.059008446	-0.015122127	-0.048867196	0.11861003	-0.051744387	0.046786923	-0.16193011	0.044634856	-0.10858422	-0.2149446	0.009385286	-0.1079632	0.09031479	0.1782894	-0.0020636711	-0.06394774
-0.0029769856	-0.106088914	-0.008962562	-0.032073766	-0.029319206	-0.029864864	-0.05758674	-0.03323657	0.08046262	-0.03742685	-0.09744645	-0.01627053	-0.0994021	-0.11765658	0.07808727	0.0071334415	-0.110962786	-0.09256301	-0.058672026	0.06596971	-0.029535048	-0.15553457	-0.109519154	0.11474893	0.04218877	0.032216076	-0.02887216	0.0130377505	-0.0364952	0.025642997	-0.013936918	0.026256181	0.08694747	0.0095768	-0.22261856	0.047851767	-0.09043924	0.01017852	-0.094050854	0.0716276	-0.0178578	0.054629803	0.042065594	0.027176648	0.07603285	0.014567206	-0.07687342	0.0071085417	0.0693743	-0.014380593	0.029096764	-0.088359036	0.12783049	-0.048802942	0.008150955	0.12230196	-0.19774641	0.06857675	0.045194235	-0.06547579	-0.014053717	-0.030125702	-0.017580207	-0.054833256	-9.745054e-05	0.015084406	-0.05748188	-0.021199329	-0.064947	-0.04701122	-0.015821123	0.01022379	-0.05940688	0.0026687097	-0.033988796	-0.020180356	0.07899757	0.103099175	-0.006284508	-0.077923775	-0.006391656	-0.12902494	0.13254523	0.124171935	-0.042238843	-0.047749892	-0.021711983	0.073668525	-0.05853179	0.06101938	-0.14758424	0.019611387	-0.068112634	-0.1866059	0.039065387	-0.112051904	0.15348537	0.041506432	-0.007410763	-0.03603904
0.0032831046	-0.10528289	-0.04216836	-0.08040143	-0.067010224	-0.013852994	-0.09171273	-0.030225264	0.11432073	-0.06997093	-0.110057436	-0.034881376	-0.085180745	-0.06334875	0.09050489	0.015182152	-0.11802193	-0.059157778	-0.054695815	0.09608244	-0.033993233	-0.123879164	-0.15054339	0.10167578	0.047234185	0.07582416	-0.05398191	0.03776744	-0.08425491	0.07182026	-0.043635193	0.065084875	0.018861838	0.0040930095	-0.15122478	0.00074998813	-0.03984122	-0.0026240102	-0.018111803	0.08178626	-0.07264199	0.011480101	-0.0027478198	0.02379926	0.07028313	-0.0021651215	-0.02898764	-0.0394383	0.09588266	0.016617026	0.038766287	-0.022150489	0.094355844	-0.017171176	0.012610341	0.12525819	-0.1917789	0.054942414	0.032691043	-0.029013582	0.010712305	-0.06023105	-0.051353917	-0.05111397	0.093594834	-0.029833633	-0.059712484	0.012595499	-0.09581994	-5.8042424e-05	-0.048283316	0.031451322	-0.07892748	0.07903042	-0.051953092	-0.0228669	0.13987051	0.14324479	0.028236775	-0.106868915	0.0366018	-0.15012524	0.12345781	0.11752484	-0.07199809	-0.065261595	0.008710979	0.12851654	-0.0041075693	0.067133635	-0.1581915	-0.00924524	-0.055811338	-0.21424145	-0.0060446286	-0.08787993	0.06254967	0.09410251	0.04627171	-0.00859503
0.022529153	-0.21388666	-0.03836544	-0.09527188	-0.025663957	-0.06112498	-0.1340217	-0.091710865	0.13450935	-0.16487473	-0.0744001	-0.067856945	-0.122359425	-0.13807833	0.13178699	0.028265206	-0.08232087	-0.09269592	-0.044099707	0.05873536	-0.022659203	-0.17152122	-0.13994391	0.10638901	0.07518455	0.05779186	-0.036543738	-0.030661236	-0.07495717	-0.018048009	-0.027071271	0.06199865	0.09351962	0.023147896	-0.16855437	-0.011115645	-0.040214613	0.00041664275	-0.0961482	0.032796036	-0.023493892	0.022690944	0.043057814	0.034606595	0.073338374	0.0043647555	-0.06832465	0.00015989004	0.051535822	-0.0024763278	0.011624871	-0.08824927	0.10594467	-0.0050194375	0.0030295039	0.124134585	-0.17485759	0.042545903	0.067736395	-0.0657936	0.014063159	0.022620676	0.02548623	-0.02024152	0.05637336	-0.009864075	-0.009767933	0.057782616	-0.017263401	-0.008296501	-0.03017793	0.0068007433	-0.042233717	0.0057838666	-0.037513487	-0.048202522	0.12755139	0.040759996	0.00399749	-0.02044881	-0.013889633	-0.114673726	0.11980051	0.14257047	-0.0838356	-0.0145574985	-0.006058214	0.08394851	-0.10370346	0.0889796	-0.15174174	0.016294993	-0.079278044	-0.21183698	0.04713562	-0.14675954	0.10140533	0.04227296	-0.055197783	0.024555352
0.056876775	-0.17488165	-0.03547204	-0.043946017	-0.051825535	-0.08189243	-0.13043489	-0.13350339	0.051925622	-0.1355876	-0.10141339	-0.061947823	-0.08640654	-0.07028033	0.10607298	0.01709006	-0.08665903	-0.062245075	-0.017898932	0.054173082	-0.036450677	-0.15302832	-0.15428825	0.056875426	0.063218385	0.056516923	-0.07948284	-0.004932429	-0.12777132	-0.0028766366	-0.006699688	0.050747856	0.10135418	0.0223947	-0.14311649	0.01605101	-0.06850801	0.032341927	-0.08559381	0.027420426	0.034707677	0.059577342	0.023759	0.013871596	0.022853702	0.008051697	-0.10789163	-0.094939895	0.0500055	-0.015752543	0.035225693	-0.046313435	0.1348875	-0.0058345697	-0.013285235	0.06675124	-0.16454141	0.060812138	0.072776005	-0.06416628	0.008909651	-0.032455835	0.0012791947	-0.0023698036	0.015795365	0.012889024	-0.079778306	-0.0069534327	-0.02369654	-0.012208473	0.020851806	0.02224313	-0.060693342	-0.009695084	-0.04165173	0.008552911	0.103846006	0.15492874	0.014111176	-0.07245753	-0.006314387	-0.16535157	0.1184492	0.12792882	-0.05941817	-0.019972663	-0.0110067865	0.035843045	-0.0602446	0.046547275	-0.1736997	0.031178959	-0.064623944	-0.19860521	0.014699659	-0.08563507	0.072039284	0.06655867	0.0015465659	0.049166612
0.014859078	-0.0019203222	-0.123295024	-0.018367875	-0.12184186	0.05304047	-0.066391304	-0.0797847	0.021851134	-0.061988994	-0.14433043	-0.056325305	-0.044012275	-0.05252215	0.056207724	-0.01004003	-0.13461396	-0.039548468	-0.077286534	0.032428768	-0.04451272	-0.16337782	-0.15946515	0.15693806	0.050598208	0.055187933	-0.15232389	0.09013466	-0.06480269	0.112517044	-0.10220556	0.027117271	0.04817903	-0.06880074	-0.19540727	0.031071968	-0.06862942	0.03981775	-0.04958642	0.15142392	-0.065401874	0.0758243	-0.0017686521	0.018596273	0.02244789	0.025739787	-0.06014478	-0.040009722	0.04727403	0.07352114	0.04086562	-0.041792292	0.058393702	-0.033904385	-0.008753905	0.056601398	-0.20139244	0.100495264	0.05669308	0.00017134415	0.0020170372	-0.10751829	-0.08275275	-0.06326279	-0.02867362	-0.036679864	-0.01775533	-0.059384584	-0.09217446	-0.0379167	0.032894243	-0.025970932	-0.04605266	0.010681284	-0.052325495	0.028579488	-0.01193395	0.17985366	-0.02050866	-0.082331665	0.04289757	-0.12911394	0.06261407	0.040084265	-0.025649196	-0.06978235	0.009462328	0.04148763	-0.006913548	-0.023237908	-0.066688076	-0.019491298	0.0210746	-0.18129496	-0.08604623	-0.025727391	-0.021786502	0.045383386	0.0011171567	-0.07775724
0.0014101458	-0.1897223	-0.01837759	-0.09277277	0.019523907	-0.09328397	-0.12895916	-0.017107282	0.058234945	-0.1172376	-0.14236367	-0.037489243	-0.13166608	-0.1393757	0.1273813	0.052860554	-0.104950406	-0.07228438	0.00546494	0.06749998	-0.068260446	-0.13866986	-0.11497365	0.10832514	0.03051191	0.035118155	-0.048041344	0.011864452	-0.09148436	-0.044899404	-0.0107125705	0.05084139	0.07247009	0.06884533	-0.1878561	0.0045780963	-0.060768463	0.012148963	-0.09460944	0.045275796	0.020180041	0.060516506	0.025864165	0.073664226	0.048039246	-0.053398564	-0.12752564	-0.043985628	0.04184188	-0.0067523425	0.095065475	-0.059091296	0.14145128	-0.042171557	0.006734994	0.1046607	-0.2112029	0.042717446	0.051200897	-0.0765942	-0.0015345496	0.0409133	0.036642965	-0.004660359	0.021646753	0.02121983	-0.0044345194	0.042809132	-0.034425747	-0.028471619	-0.022777151	-0.028536474	-0.06031096	0.002243107	-0.0523181	-0.061410483	0.1385151	0.15646653	0.0066195587	0.01168102	0.027467744	-0.14034621	0.054040074	0.12302459	0.0083873505	0.009416322	-0.036134407	0.11571313	-0.092721745	0.07084539	-0.10805145	0.01284825	-0.07633155	-0.23839545	0.053959776	-0.10343787	0.11161627	0.18236138	0.00082863646	-0.037745036
0.03135333	-0.18018404	-0.027197178	-0.034753688	-0.048575565	-0.054268554	-0.16723134	-0.06011186	0.034418076	-0.11206496	-0.06531829	0.042767126	-0.17447966	-0.22923252	0.139934	0.054217074	-0.041046813	-0.10198926	0.0014561524	0.06450926	-0.06898399	-0.15104513	-0.09336213	0.090752184	0.06646192	0.014986367	-0.00906528	-0.032667693	-0.14519319	-0.073703006	-0.02124353	0.04653693	0.13327743	-0.004212704	-0.21749514	-0.028077183	0.012657926	0.03132984	-0.068877116	0.08308122	0.005193408	0.076369464	0.103466466	0.07799802	0.0646713	-0.015193056	-0.09924882	-0.061101865	0.027059568	0.041493822	0.048932943	-0.124098286	0.07304896	-0.019682212	0.00976342	0.085184425	-0.20249517	0.08192273	0.073783256	-0.10636472	0.00715354	0.036386773	-0.0105431555	-0.058937527	0.03689615	-0.004442067	-0.008994214	0.017020574	-0.031686157	-0.045866955	0.023699317	0.014268161	-0.010315598	-0.061460134	-0.045735907	0.0006562808	0.09225322	0.056854665	-0.014328259	-0.05082877	0.029259883	-0.14231135	0.11798151	0.09793481	0.008230526	-0.033678427	0.04401783	0.07320676	-0.032609545	0.053543907	-0.10218637	-0.023808904	-0.087950476	-0.17650783	0.07035566	-0.05374332	0.071347676	0.06818742	0.023908503	0.047905628
0.003439407	-0.1220747	0.016552549	-0.046255495	0.009619534	-0.06537813	-0.06431023	-0.1169125	0.028346354	-0.038757466	-0.11311458	-0.07874726	-0.14340818	0.0061191325	0.093150705	0.044682994	-0.053579863	-0.116750985	-0.011609159	0.09331943	-0.020617781	-0.09238727	-0.16815343	0.04678648	0.031803623	0.05861792	-0.0779109	0.10467161	-0.1146814	0.10374725	0.050788272	0.04437762	0.07445418	-0.04145161	-0.16680482	0.044679437	0.013658586	0.080100596	-0.09550974	0.04492819	-0.027901063	0.04821617	0.0036812935	-0.0061905864	0.16009247	0.037385646	-0.028048504	0.014314237	0.025090672	0.041359786	0.06527466	-0.017061528	0.04098096	0.0063600554	-0.07472119	0.038851503	-0.17642184	0.096802026	0.04834186	-0.029179605	0.006216329	-0.045884494	-0.02801841	-0.0018788857	0.117894344	0.04234826	-0.15527025	-0.028548747	-0.09197664	0.0022721512	-0.03969447	-0.046748064	-0.16793229	0.006198782	-0.07929542	0.0075094737	0.040246014	0.068539485	0.04626917	-0.021591209	-0.029877441	-0.13655594	0.10731143	0.075090684	-0.13714448	-0.03712676	0.011708467	-0.04561876	-0.059469104	0.056595534	-0.11027118	0.062180363	0.009565497	-0.15741143	-0.055995725	-0.0155465165	0.06606583	-0.01242233	0.075746134	-0.07318934
0.1073172	-0.11697158	-0.088316105	-0.060052864	-0.07892236	0.023062697	-0.13480811	-0.06564934	0.10344992	-0.12661499	-0.08919414	-0.025628963	-0.09080128	-0.076178506	0.11723791	0.027277423	-0.09028377	-0.07822002	-0.06746602	0.09520686	-0.061570995	-0.061976597	-0.16042474	0.04424794	0.052982725	0.05933295	-0.080457166	-0.0031812391	-0.05633993	-0.004719023	-0.042159855	0.058742464	0.043948162	-0.035273954	-0.17656462	0.002627085	-0.09459551	0.01273207	-0.058663182	0.01659999	-0.035862643	0.013030142	0.025694748	0.036633093	0.034730002	-0.027172856	-0.076831974	-0.0728659	0.06361144	-0.045517262	0.05266	-0.028928816	0.13734439	0.056810137	-0.059743546	0.14799096	-0.16510555	0.04575528	0.06372893	-0.03439849	0.005544501	-0.015983678	0.019499322	-0.00038338837	0.03718557	-0.031090908	-0.09774649	0.00879635	-0.008658171	0.0347847	0.01732452	0.090371	-0.07018652	0.08602217	-0.04001375	0.004067766	0.12082912	0.15902975	0.026518328	-0.06650448	-0.004285163	-0.22082077	0.09873039	0.10326647	-0.079540156	-0.012793825	0.054738175	0.03369818	-0.052545223	0.1460511	-0.17960407	-0.053166382	-0.05195709	-0.22913456	-0.0066859727	-0.09785532	-0.01746616	0.047489654	0.062135037	0.113267094
-0.043028273	-0.14256248	-0.01811569	-0.10822657	-0.056168374	0.035243075	-0.06807976	0.0056372653	0.036686055	-0.019428428	-0.10137423	0.0046294145	-0.13093969	-0.15496938	0.059997406	0.054594744	-0.12558013	-0.12788151	0.015803643	0.11798808	-0.046201598	-0.14237519	-0.088665694	0.20867853	0.03440895	0.022334937	-0.052074518	0.0415026	-0.1277096	-0.006425586	0.009282487	0.0411094	0.09649926	-0.031893093	-0.16947478	0.020935547	-0.011007462	0.036942437	-0.07603387	0.05506495	-0.037399035	0.091741115	0.08001882	0.0008586128	0.075686574	0.06897985	-0.05470425	0.020898284	0.027378218	0.079177566	0.049422294	-0.11618003	0.024562225	-0.018812438	0.0187211	0.09093292	-0.22740984	0.1351333	0.06330978	-0.063052684	-0.005259882	0.001159776	0.015226329	-0.11397883	0.012981908	0.018009111	0.034208108	-0.009862697	-0.02101012	-0.07488745	-0.013422817	-0.027835356	-0.028924944	0.065973036	-0.03462991	0.03750248	0.035803694	0.05071274	0.025370661	-0.0044225915	0.06667299	-0.20747688	0.045702882	0.13942692	-0.020621432	-0.057033136	0.029613411	0.064701036	0.0034964336	0.017857153	-0.09468275	-0.030101173	-0.04274542	-0.18508646	0.02284775	-0.04245377	0.05492572	0.041733958	-0.017032562	-0.037418026
-0.018280393	-0.07712597	-0.01848501	-0.03892993	-0.06347147	0.04111524	0.014653563	-0.07862593	0.056789685	-0.057774533	-0.09028536	-0.05365174	-0.051741358	-0.1035227	0.08614815	0.04390041	-0.11256451	-0.07934466	-0.058936913	0.07607871	-0.023649566	-0.13506128	-0.14470108	0.14909191	0.06262977	0.011746193	-0.068183936	0.07465706	-0.117852144	0.107390225	-0.060389683	0.0073294416	0.06401378	-0.046727337	-0.17594111	0.019847177	-0.014998739	0.066296116	-0.021501519	0.12272629	-0.06838545	0.051162872	0.054026455	0.008517876	0.06470569	0.02869484	-0.0047730687	0.010249385	0.05616457	0.0770809	0.027093157	-0.033894014	0.03159657	-0.037677776	0.009670323	0.08139726	-0.20204769	0.087712124	-0.014064213	0.014256696	-0.027304923	-0.05023611	-0.04931403	-0.062512085	0.05955745	-0.05102549	-0.02903004	0.0006603169	-0.07996302	-0.03804651	-0.062169958	-0.010971332	-0.09824683	0.07604168	-0.053085092	-0.047211133	0.06262394	0.07341582	0.0112360045	-0.086835355	0.018963894	-0.14367825	0.05361418	0.13118273	-0.062827885	-0.10137755	0.048824154	0.056238487	-0.00022785597	0.056695547	-0.118645474	-0.048050027	0.0028073196	-0.19870086	-0.018497285	-0.08826469	0.051575616	0.01666267	0.034338865	-0.06742875
-0.02020972	-0.14920257	0.0026476176	-0.029186418	0.033598416	-0.045894198	-0.13537648	-0.020532522	0.098498985	-0.09103916	-0.111559935	-0.06373627	-0.093215175	-0.09897185	0.09901189	0.011752431	-0.046857458	-0.07001428	-0.006784449	0.055024378	-0.04513887	-0.15274787	-0.09277526	0.030721236	0.031152897	0.059976656	0.023362633	0.0130735235	-0.036748618	-0.0077680224	-0.036022495	-0.0071661025	0.10432409	0.05891353	-0.116415255	0.0224385	-0.05351588	0.025928406	-0.060572404	0.078318976	0.0048263934	0.0995309	0.013922461	0.0067018336	0.078259066	0.0029269024	-0.027118776	-0.039623287	0.12127581	0.045955986	-0.024100047	-0.12695636	0.0932438	-0.053812288	-0.05109484	0.10538763	-0.25167418	0.10457238	0.019878643	-0.05534008	-0.022979857	0.009961014	-0.033714496	-0.027037824	0.07298251	0.020937487	-0.038869776	-0.013165708	-0.07525115	-0.057804547	-0.016436363	0.031950846	-0.08795255	0.0069487	-0.044543754	-0.054323047	0.13325875	0.14045744	0.0051454944	0.0012241646	-0.014375275	-0.22303116	0.10580418	0.15166163	-0.06122686	-0.063667886	-0.061528593	0.08638048	-0.04634843	0.021837877	-0.15443984	0.017232541	-0.11108348	-0.2382697	-0.025402663	-0.099592544	0.06858215	0.09252795	0.0104765	-0.010956708
0.04234098	-0.20643918	-0.022645874	-0.042844564	-0.016508246	-0.105464995	-0.1516991	-0.068383366	0.011595796	-0.14982437	-0.07638662	-0.0811701	-0.09691098	-0.096621975	0.08534605	0.042544026	-0.032723058	-0.0661165	-0.05247903	0.0062024295	-0.06906235	-0.1326555	-0.21909022	0.10307302	0.07471593	-0.0021497763	-0.027892599	0.011458779	-0.05677877	-0.007928967	-0.019656742	-0.01880882	0.10476474	0.033766985	-0.1751258	0.04885817	-0.04538766	0.06056322	-0.11117398	0.030123342	0.0071167946	0.07235488	0.04826128	0.013646075	0.07898269	-0.028962884	-0.12155738	-0.02540386	0.068377495	0.013699977	0.10636205	-0.026055062	0.13140137	-0.03556945	-0.042380035	0.071526855	-0.21438453	0.060495712	0.057175756	-0.10370184	0.008067488	0.06196392	0.009601095	0.0062933895	0.0376376	0.026056452	-0.066939026	8.939305e-06	-0.018863803	0.018673781	-0.010050806	-0.027124677	-0.044235457	-0.016783113	-0.009470441	-0.04704459	0.11758265	0.14403483	0.0002091625	-0.025335334	-0.005109706	-0.11581223	0.08670992	0.101690486	-0.02615868	-0.0021082214	0.004725127	0.07266529	-0.06712336	0.055329613	-0.09663934	-0.029437505	-0.031678807	-0.19648509	0.0060063344	-0.11812631	0.065045066	0.10133857	0.007794829	0.0812896
-0.023810716	-0.12135371	0.016987167	-0.09876072	-0.02249626	-0.03838255	-0.101907104	-0.028599847	0.10753741	-0.056233026	-0.13602138	-0.027695851	-0.10198619	-0.1335229	0.04850371	0.045573026	-0.06661025	0.00610888	0.007280602	0.06408324	-0.06772709	-0.12615904	-0.19746147	0.10861386	0.07320675	0.017038198	-0.041228272	0.043214913	-0.06570027	0.011898394	-0.011743358	-0.0078047193	0.07057003	0.028947331	-0.17399165	0.03235362	-0.04398201	0.04883379	-0.083868735	0.08018771	-0.039766572	0.1101745	0.065384895	-0.0027930862	0.066568136	-0.0069445972	-0.080567256	-0.012138387	0.12582865	0.05284266	0.039878618	-0.037779834	0.08735125	-0.0152988415	0.0057372623	0.057910487	-0.23942001	0.07060193	0.044703495	-0.077130064	-0.01592459	-0.0010041404	-0.008884439	-0.05660214	0.014695086	-0.029333819	-0.014378044	0.023436835	-0.007944392	-0.019962486	-0.032969758	0.007234117	-0.024323987	0.024898155	-0.014053169	-0.05816292	0.05898345	0.13371472	0.0053014657	-0.05701267	-0.0029757607	-0.13621973	0.11563715	0.12253788	-0.0065346984	-0.022795413	-0.0008258447	0.08326005	-0.033968117	0.06882349	-0.098331526	-0.064307	-0.0017029766	-0.2452925	0.0288789	-0.10816558	0.063622914	0.03444968	-0.035055522	0.046666328
-0.030537374	-0.23097594	0.11208241	-0.15220359	0.13555041	-0.19593143	-0.1253863	-0.09263461	0.16222626	-0.08957792	-0.048840668	-0.10396332	-0.102179	-0.06543514	0.104931034	0.05898034	-0.020794082	-0.068545945	0.034749314	0.09308008	-0.017537342	-0.06723275	-0.09109028	-0.035824254	-0.019911196	0.054675523	0.058914505	-0.01236163	-0.0735639	-0.05791197	0.07425691	0.08860363	0.067880906	0.08363192	-0.16637124	-0.002045158	-0.01993363	0.08679616	-0.17549129	0.066115625	0.056932345	0.09022498	0.040211637	0.010912418	0.12648275	-0.054942768	0.019177392	-0.0046580927	0.11479792	-0.033618037	0.062179167	-0.019728549	0.09226525	0.07717461	-0.07284794	0.05745737	-0.18975581	0.022940015	0.022295376	-0.05328243	-0.040217414	0.04295362	0.045469314	0.0056020645	0.076188676	0.017773781	-0.11960837	0.01590655	-0.018577058	0.015493002	-0.008352571	0.07537955	-0.10361338	0.023955273	0.023420837	-0.08459479	0.1290599	0.12171396	0.048023213	0.0017994252	-0.0769891	-0.23477872	0.1302014	0.07502999	-0.048084013	0.0027701089	0.0029034035	-0.009819788	-0.09989508	0.23129904	-0.17083536	-0.025102375	-0.029811697	-0.30333874	0.009924159	-0.13308361	0.05321691	0.10879745	0.026609663	0.027855836
0.02247549	-0.14654794	-0.06735083	-0.010219777	-0.040500905	-0.02077487	-0.09393853	-0.038194016	0.13254185	-0.1870495	-0.1075918	-0.1008317	-0.038983524	-0.10575017	0.120129086	-0.021320466	-0.059362058	-0.01924618	-0.116050154	0.033403743	-0.044400975	-0.19404016	-0.15001673	0.108691625	0.024351358	0.05066987	-0.061625782	-0.058947194	-0.041176595	0.03533328	-0.1140635	0.0438926	0.04251002	0.008971042	-0.17974503	0.025860265	-0.042975865	0.018333448	-0.025599679	0.109833725	-0.021791363	0.0485656	0.049196158	0.029954076	0.053955425	0.019899776	-0.08832991	-0.10390531	0.055637795	0.005217061	0.035242908	-0.09630496	0.12219059	0.006471621	0.0423165	0.09309996	-0.22005756	0.07267107	0.03450422	-0.030580875	0.02113167	-0.03139	-0.024235714	-0.04067139	0.01584891	-0.017243145	-0.04531851	0.006542933	-0.09904882	0.001009396	-0.022586752	0.011433953	-0.07091961	0.03990031	-0.029572487	0.013074404	0.13659588	0.109639615	0.04907692	-0.05563915	0.06288526	-0.19392493	0.072864495	0.1059572	-0.031386428	-0.10612599	-0.011681745	0.068809524	-0.040889576	0.039363034	-0.13724689	-0.011760765	0.00038284727	-0.22229135	0.0011158383	-0.0734979	0.08093756	0.048396	-0.036379892	-0.011848361
-0.005199482	-0.08715814	-0.0024396663	-0.07679818	8.023564e-05	-0.116673775	-0.08712303	-0.14187966	0.07608221	-0.073872425	-0.114167474	-0.11999925	-0.054688495	0.046177156	0.108556695	-0.01774859	-0.13224812	-0.014006252	0.046064034	0.061794978	-0.0037815894	-0.13030796	-0.08234532	0.035912875	-0.011228351	0.08613636	-0.0874915	0.057457633	-0.13994792	0.04631288	0.017858833	0.085052334	0.08912782	-0.023523357	-0.15744711	0.02929373	-0.058641065	0.10604396	-0.10264636	0.14247397	-0.019244798	0.08715297	-0.012588238	-0.007873633	0.0507742	0.033204157	0.00030109414	-0.034836583	0.05371681	0.057816494	0.008327456	0.011163413	0.07704089	0.0047509577	-0.03411868	0.008277639	-0.15513535	0.07104927	0.083500214	-0.0039255307	-0.008736131	-0.104027055	-0.042715967	-0.0063880337	-0.027247505	0.008541535	-0.09225933	-0.06776467	-0.043713517	-0.025716115	0.06671572	0.052796118	-0.05310941	0.010299455	-0.016085884	0.028800653	0.05446383	0.21765892	0.048567243	-0.07401102	-0.047332313	-0.17915353	0.07788792	0.028109955	-0.038290896	-0.04354801	-0.05493367	-0.016464697	-0.03586383	0.054768655	-0.09998872	0.029531674	0.0217996	-0.20737444	-0.06913269	-0.052481834	0.04453321	0.06038774	-0.043032337	-0.10249377
0.046350814	-0.114093386	-0.026079645	-0.114229396	0.026846778	-0.10716879	-0.19811933	-0.14459701	0.09982089	-0.093365364	-0.016477142	-0.09019494	-0.1718561	-0.072012134	0.1027053	0.055109654	-0.040127374	-0.09350064	0.03863418	0.06919232	-0.049944565	-0.052545235	-0.17526917	0.006646403	0.07665964	0.038965624	-0.06552665	0.05072807	-0.04555537	-0.017812803	0.03357002	0.03389789	0.08969633	-0.028003821	-0.19587	0.049279023	-0.021209849	0.06418297	-0.18514304	-0.017136097	-0.03034438	0.05807226	0.0011071678	-0.012900562	0.14539279	-0.033527266	-0.005306075	-0.0025567636	0.097603075	0.029325088	0.08516964	-0.047016628	0.10740123	0.05759685	-0.06980216	0.11568292	-0.17428742	0.06828364	0.11757533	-0.094927326	-0.025971137	0.09276663	0.022749914	-0.014089075	0.053126905	0.031332575	-0.16222611	-0.019478435	-0.00230503	-0.006113112	0.05603205	0.038770963	-0.032910004	-0.0797365	-0.002198383	-0.009544532	0.052128565	0.12079536	-0.010817797	-0.03350052	-0.027019644	-0.10932785	0.1506263	-0.0066720084	-0.085552916	0.024099957	0.09030559	0.08995638	-0.063631274	0.17110762	-0.11600552	0.014243588	-0.046676412	-0.12806872	-0.013395056	-0.12505136	0.054807313	-0.0115409335	0.00705182	0.12238307
0.04378252	-0.12225904	-0.08507859	-0.05986139	-0.06065372	-0.0024530145	-0.12425573	0.002090928	0.077259466	-0.099123456	-0.14653292	-0.013514281	-0.0951218	-0.086746775	0.040670592	0.031152394	-0.101608925	-0.05060282	-0.078813076	0.05479376	-0.07654712	-0.09349014	-0.17282705	0.09775466	0.07585798	0.07260084	-0.036743283	0.038010832	-0.01957461	0.03526168	-0.050081015	0.0043789307	0.030294988	-0.005049288	-0.17135318	-0.022471467	-0.058498863	0.008236592	-0.056222733	0.112738274	-0.04047036	0.09744542	0.019396316	0.07691502	0.07505937	-0.04755874	-0.038787223	-0.009645882	0.13440573	0.01930965	0.10345694	-0.07341891	0.064200155	-0.016772117	-0.055127185	0.11726379	-0.20675033	0.05485895	0.015282925	-0.054445446	-0.007668559	-0.018636873	-0.04922868	-0.04284008	0.0972052	0.011774353	-0.0053701634	0.007028334	-0.09547276	-0.016271515	-0.03084463	-0.008109908	-0.062227324	0.058608055	-0.023561247	-0.052590925	0.066071294	0.16443504	-0.025389474	-0.006131892	0.039231274	-0.12534776	0.10877038	0.08699907	-0.01640261	-0.020675482	-0.017336648	0.06784875	-0.038523946	0.06055587	-0.10944744	-0.026502779	-0.041477308	-0.2178211	-0.0074213445	-0.07755676	0.08306134	0.056730468	0.034792688	-0.0043994826
0.15444349	-0.09369465	-0.152277	-0.01736681	-0.013479173	-0.037986845	-0.16952564	-0.10373428	0.10612995	-0.16949493	-0.11813223	-0.080377795	-0.057832383	-0.062389687	0.10821202	-0.0037407612	-0.05842277	-0.0052108457	0.040713616	0.04057109	-0.115756564	-0.14141716	-0.1189371	0.047767583	0.003641161	0.03702879	-0.0021007196	0.065059476	-0.041927632	-0.043069974	-0.040919166	-0.030823564	0.047095295	0.009962705	-0.045551345	0.0036044186	-0.10357174	0.03964232	0.002651088	-0.024893887	-0.018251615	0.051765475	0.008395974	0.0012135698	0.039745625	0.05042411	-0.013298075	-0.08242044	0.06975924	0.01707619	-0.024464957	-0.052280612	0.1334082	0.047489993	0.009843719	0.14935787	-0.22238378	0.11891031	0.059383694	-0.06729199	-0.036160354	-0.009629897	-0.035903893	-0.052462652	0.09932311	0.015418483	-0.08097885	-0.031525224	-0.04849085	-0.021141162	-0.0039316863	0.12890491	-0.051412825	0.064242534	-0.028108671	-0.0902608	0.13712719	0.20355083	0.013972727	-0.14460841	0.008631731	-0.2491185	0.15783767	0.12305339	-0.06799657	-0.049722895	0.046735067	0.10903513	-0.0011400504	0.080718346	-0.1431366	-0.055247128	-0.08485955	-0.21340884	-0.045570504	-0.11093722	0.0023289733	-0.05561533	0.07663278	0.09646403
0.09380226	-0.18366821	-0.03320583	-0.09222578	0.048315134	-0.1265367	-0.18607809	-0.15792125	0.010014854	-0.11545992	-0.124767065	-0.038673464	-0.18003398	-0.09182472	0.1278429	0.093418516	-0.037991744	-0.101231255	0.049496524	0.035451606	-0.09265309	-0.048832584	-0.1385303	0.010417856	0.090475544	0.05132604	-0.07318097	0.05534088	-0.09567124	-0.039379768	0.008352562	0.065526	0.062021904	0.009208671	-0.18532884	0.028671112	-0.04985465	0.06716502	-0.16429554	-0.011412072	0.023456214	0.10960563	0.064420626	0.089940235	0.09473084	-0.03989497	-0.08415876	-0.0073617767	0.05424465	-0.048783705	0.14165264	-0.07678933	0.14453815	0.075307325	-0.083003916	0.084582776	-0.13696954	0.030856876	0.065085076	-0.055122018	0.011437719	0.06835102	0.047402103	0.027957914	0.042469345	0.06587858	-0.12087186	0.037899263	-0.0046882504	0.0060948366	-0.0020240648	-0.008039943	-0.068383574	-0.036303435	-0.028829074	-0.0072300215	0.015471498	0.12311278	-0.017526109	0.023380922	-0.026828475	-0.11906226	0.069415934	0.051703144	-0.07568368	0.035038706	0.022700746	-0.024675976	-0.11625627	0.113667265	-0.14706114	0.02946186	-0.02298626	-0.17564568	0.022077216	-0.057318807	0.09752237	-0.0011617648	0.028863622	0.033180065
0.033620358	-0.22645845	-0.04206002	-0.09276839	0.019877117	-0.064475395	-0.1577338	0.021019232	0.04050897	-0.09945301	-0.16166326	-0.06503288	-0.14258988	-0.03367908	0.08044526	0.03899585	-0.09588443	-0.06730552	-0.038440686	0.016426051	-0.11921949	-0.12617613	-0.16619688	0.13985868	0.080195755	0.051150348	0.0068363724	0.102461755	-0.045194477	0.03792215	-0.030138912	0.022660917	0.019795407	0.042334974	-0.12348774	0.03988666	-0.06466257	0.016810244	-0.08532542	0.07550178	-0.016070215	0.06181292	-0.0048881266	0.0035349224	0.12465876	0.015400547	-0.059707608	0.028551513	0.13565892	-0.016074292	0.07823269	-0.06831853	0.065663196	-0.0324185	-0.02711757	0.06690576	-0.21042255	0.12064162	-0.011779827	-0.020225916	0.02707786	0.0033514637	-0.026425373	-0.014314597	0.110117376	0.051210985	-0.009424159	0.009411339	-0.11207362	-0.03892747	-0.085589305	-0.015574081	-0.09466081	0.12879704	-0.009073791	-0.086342275	0.09641527	0.11676746	0.042402823	0.03981264	0.047761764	-0.14995104	0.06361296	0.17219508	-0.11190382	-0.09009004	-0.028219217	0.056000754	-0.07181696	-0.009611682	-0.07040332	0.0150022	-0.06431664	-0.16613019	-0.026739435	-0.0809938	0.10339357	0.06305635	0.020244323	-0.010041027
0.009189608	0.0212842	-0.092711575	-0.052952625	-0.09619137	-0.009467673	-0.08089379	-0.101953	-0.0264252	-0.034215193	-0.07077291	-0.061888374	-0.132274	-0.06164292	0.09723976	0.01684811	-0.037856463	-0.057115037	-0.07692514	0.027800592	-0.07608445	-0.063925244	-0.17021821	0.083092175	0.031786323	0.052807618	-0.057410214	0.08156867	-0.12127535	0.10576253	-0.03274829	-0.01289069	0.092215665	-0.11985741	-0.2625605	0.0758373	-0.06946953	0.108479604	-0.117986575	0.10137262	-0.04202211	0.14192852	0.06475018	-0.0073915366	0.041602567	-0.0051990524	-0.027447954	0.040392637	0.057559513	0.052476566	0.10240453	-0.051924076	0.03992098	0.003359037	-0.049374033	0.037366215	-0.18282384	0.064856365	0.03608291	-0.005373335	-0.027476484	-0.061745234	-0.048521753	-0.08327288	-0.03216598	-0.019551694	-0.13700314	-0.08653887	-0.060251195	-0.02017307	0.070999205	-0.04588227	-0.07391052	-0.070839725	-0.02769712	-0.0074168094	-0.08401732	0.122339204	-0.11167367	-0.08489674	-0.04019481	-0.040605526	0.10653294	0.012220888	-0.005240071	-0.0109047	0.01547552	-0.02607295	-0.03998299	0.09085238	-0.095764466	0.014653934	0.0311138	-0.1060414	-0.018145246	-0.053790126	0.037923604	-0.03967237	0.010793511	-0.027163409
0.040523637	-0.19601125	-0.048295103	-0.07054091	-0.023822749	0.0189175	-0.11231971	-0.051091418	0.108726	-0.10740747	-0.16156763	-0.06803322	-0.10024872	-0.09554326	0.13793324	0.04156344	-0.16569951	-0.068247974	-0.027811319	0.068398885	-0.06013816	-0.101096116	-0.1269661	0.10916472	0.057979587	0.039060757	-0.09455425	0.0024148426	-0.061495405	-0.010506882	-0.051326506	0.05230277	0.05596429	0.019567166	-0.21911953	0.056738365	-0.079543225	-0.005638379	-0.053697187	0.024833629	0.02055048	0.051757023	0.019870777	0.040897615	0.028351828	-0.03198178	-0.13498232	-0.07894859	0.07631409	-0.057511207	0.07790219	-0.061404537	0.14049836	-0.021174196	0.022850407	0.10906932	-0.19739911	0.07034328	0.024638996	-0.0029055797	-0.0024037864	0.008074095	0.062074397	0.0461474	0.020278128	-0.031453714	-0.05759458	0.022269065	-0.018142212	-0.062250353	-0.055870593	0.015941598	-0.09366435	0.05347263	-0.06334772	-0.02063754	0.13814418	0.14547975	0.048432652	0.003192177	0.057885163	-0.18486024	-0.027414428	0.174934	-0.06879669	-0.06775779	-0.0061899065	0.06540579	-0.088270016	0.050524198	-0.18624036	0.011014992	-0.064461365	-0.19719538	0.040957786	-0.091925226	0.062044892	0.10207703	-0.02020284	0.06396563
0.02296759	-0.07177975	-0.08313603	-0.01374298	-0.09488375	-0.04086746	-0.09665245	-0.11048042	0.06524472	-0.12066372	-0.062326618	-0.07222845	-0.11384078	-0.06858716	0.13081744	0.011927733	-0.10437141	-0.06356983	-0.038609978	0.055133935	-0.009678477	-0.17728119	-0.120359674	0.10399737	0.049835026	0.036429625	-0.10199048	0.011166564	-0.091704376	0.08678943	-0.049644638	0.041361462	0.08741798	0.015667977	-0.19031298	0.02047825	-0.0018182279	0.052025788	-0.075531565	0.17177871	-0.033142585	0.048667636	0.013003998	-0.0041435664	0.08666383	-0.0036625024	-0.034961656	-0.06455218	0.05227222	0.08172442	-0.025980178	-0.049471594	0.07601656	-0.03291835	-0.012910884	0.044643216	-0.2003006	0.0836604	0.062638514	-0.057761494	-0.009225667	-0.11261375	-0.07612898	-0.06782298	0.047004394	0.005212756	-0.020812575	0.0076009715	-0.09986096	-0.014149802	0.010676563	-0.008348321	-0.10512309	-0.029280895	-0.101898685	-0.07605176	0.10110285	0.10082572	-0.005696677	-0.03944466	-0.034188274	-0.096959494	0.14834414	0.040976457	-0.068225324	-0.08578979	-0.051301323	0.06575282	-0.023188883	0.034479003	-0.089898005	0.064478524	-0.0006291728	-0.13350993	-0.023639452	-0.080362186	0.09980303	0.053967867	-0.027949402	-0.080225855
-0.054301616	-0.09311192	0.020196367	-0.05891151	-0.06595678	-0.026685387	-0.15972449	-0.07178672	0.0804753	0.009667619	-0.110973805	-0.017547254	-0.14992526	-0.07369047	0.10405416	-0.0069057927	-0.11605171	-0.08019876	-0.03676493	0.09398731	-0.06338131	-0.15921755	-0.18249647	0.09322365	0.057132233	0.071642675	-0.057888187	0.079827465	-0.06718613	0.086677894	-0.04362137	0.040446896	0.07688165	-0.0046109534	-0.20803064	0.08248952	-0.036734685	0.004763469	-0.04458976	0.10951004	-0.10542848	0.071485974	0.046160422	-0.028191362	0.04802699	0.0019852007	-0.07334311	0.0015207372	0.11954217	0.027518023	0.008022676	-0.082689956	0.061034665	-0.052436046	-0.015308368	0.04838789	-0.18325277	0.07713549	0.047432244	-0.036051128	-0.010611538	-0.0820911	-0.044605013	-0.060152203	0.009470491	-0.019515391	-0.042201716	-0.044785213	-0.050034802	-0.031859126	-0.0022439952	-0.03939713	-0.053737916	-0.024801528	-0.06985647	-0.01585341	0.040416982	0.115326405	-0.018573025	-0.04189421	-0.000112668014	-0.10585776	0.101043195	0.09669199	-0.051142238	-0.10394214	-0.059869606	0.077333726	-0.010382285	0.0011986204	-0.15412174	0.02547481	-0.016946912	-0.13766517	0.020635966	-0.06147513	0.07106578	0.028988509	-0.0132331215	-0.020779187
-0.06753796	-0.07914774	0.035260137	-0.08224156	0.04229872	-0.092991754	-0.056597743	-0.10274037	0.027922405	0.013827581	-0.09365353	-0.066203944	-0.22176617	-0.09270214	0.16203971	0.029655207	-0.026574261	-0.059904303	0.043920655	0.0856381	-0.058018453	-0.10079496	-0.09000802	0.033709634	-0.011888579	0.041785676	-0.012422099	0.062040154	-0.16814151	0.015565798	0.06633417	0.018516654	0.13210924	-0.082580894	-0.2615857	0.0679399	-0.01069218	0.09531196	-0.11264109	0.015465213	-0.023261368	0.09404751	0.097177915	-0.015964506	0.10936439	0.047730237	-0.085973166	0.049523406	-0.017916046	0.023844846	0.071593225	-0.090040624	0.0404733	0.0019949651	0.008734927	0.047299944	-0.21999542	0.10613139	0.07373464	-0.052099977	-0.003423024	0.031854987	0.019282764	-0.04148532	-0.0043438156	0.009870027	-0.15817565	-0.05230561	-0.029678224	-0.07221534	0.0006404911	-0.06904979	-0.099976145	-0.08562786	-0.045451276	0.042793896	0.0018544791	0.02967417	-0.0023234303	-0.06208844	-0.014835855	-0.0932113	0.07634704	0.101517305	-0.023197688	-0.0027694658	0.0048437123	-0.017170655	-0.0580228	0.07966119	-0.11016282	0.06035565	-0.0015999686	-0.12596267	0.03544799	-0.027475892	0.11330148	-0.011903428	-0.052176233	-0.08398026
-0.056642096	-0.10487759	0.0077916873	-0.05569088	-0.057321526	-0.031079493	-0.04600961	-0.0913157	0.1102527	-0.03590794	-0.101389654	-0.0066166776	-0.09297633	-0.14047849	0.11885288	0.04546637	-0.119943574	-0.11189259	0.013772277	0.12340665	0.03737705	-0.16103907	-0.05208221	0.06688658	0.03385083	0.09216826	-0.04775516	-0.010647956	-0.12449244	0.053306337	0.0003000963	0.08464023	0.07343718	0.020559935	-0.19210379	0.015191196	-0.018065657	0.009457818	-0.02311902	0.10895348	-0.06059872	0.03613828	0.02692719	0.022259347	0.071022466	0.018589033	-0.062724434	-0.05124281	0.06460096	0.05156261	-0.042997733	-0.07808259	0.08843913	-0.029290117	0.008957789	0.09337549	-0.20823978	0.06179169	0.06340301	-0.022883218	0.006417485	-0.114541784	-0.021602184	-0.040195156	0.043072287	-0.018952949	-0.012854577	0.04515457	-0.052324634	-0.04167108	-0.03042335	0.019453958	-0.075587176	-0.0010719877	-0.1331245	-0.027533537	0.12828629	0.09961944	0.026742203	-0.06934044	-0.020612754	-0.16020049	0.10993891	0.13087629	-0.07607368	-0.11367418	-0.065409265	0.09348072	-0.024803504	0.045208916	-0.19227615	0.03944454	-0.025577856	-0.21484187	0.00892087	-0.09739213	0.094145454	0.17151377	-0.02260725	-0.111912005
0.044433147	-0.059511706	-0.0843221	-0.0015473275	-0.09489839	0.047482304	-0.070393406	-0.003998822	0.03629769	-0.09218899	-0.07704899	-0.017353324	-0.05611669	-0.09260321	0.06705867	0.0077113044	-0.058471456	-0.0837708	-0.100509144	0.051262613	-0.054811373	-0.10313392	-0.13804294	0.11293553	0.021904835	0.020982448	-0.029666271	0.01451428	-0.06426314	0.05000605	-0.0650754	0.0010569482	0.06095047	-0.054688435	-0.18835029	0.017881714	-0.10107341	0.051818542	-0.07381935	0.12690045	-0.008977095	0.066751026	0.047358897	7.21045e-05	0.048342206	0.020429933	-0.049464498	-0.05719797	0.06532395	0.013557971	0.030788	-0.04523523	0.11357845	-0.005263004	-0.031601626	0.111632	-0.2263584	0.10332331	0.026462745	-0.04857269	-0.0074164704	-0.046059266	-0.06772337	-0.07266246	0.017855007	-0.01557913	-0.055461742	-0.05128003	-0.06957528	0.0013877781	0.018702809	0.0625593	-0.07672837	0.08443433	-0.013127042	-0.003978158	0.07979848	0.14737505	0.020725943	-0.07118686	0.019597286	-0.21119379	0.12602857	0.07764485	-0.037880085	-0.058008015	0.027101802	0.027911091	-0.010823419	0.072763525	-0.10854892	-0.059189737	-0.024593685	-0.18838018	-0.036334336	-0.09436191	0.013544982	0.0012680423	0.052732557	0.04476909
0.040706675	-0.12594202	-0.071529694	-0.1114991	-0.08502822	0.031902105	-0.11693368	-0.0044650957	0.08950936	-0.07772312	-0.16115166	-0.04085194	-0.12799974	-0.06612876	0.10139049	0.016215203	-0.13172966	-0.07058829	-0.050496563	0.06987246	-0.04908455	-0.103179716	-0.18141022	0.1749361	0.023773279	0.0943068	-0.11496111	0.018360317	-0.052377295	0.041682515	-0.029072171	0.09335195	0.055678654	0.015386874	-0.208106	0.06787171	-0.08218819	0.014340519	-0.015418947	-0.0047660694	-0.058235236	0.02903317	0.024811134	0.022751864	0.028150741	0.023303954	-0.10501447	-0.026486006	0.023442283	-0.07693571	0.08074838	-0.026247755	0.12190952	0.013200597	0.035102144	0.08545861	-0.13528721	0.065947436	0.034746848	0.0103107905	0.042954486	-0.040578406	0.04265741	-0.027947783	0.016731234	-0.022942537	-0.08250545	0.005298732	-0.05940439	0.020150032	-0.056421414	0.004242318	-0.08042936	0.08467369	-0.02377631	0.008428227	0.10974395	0.13596329	0.04061153	-0.076691866	0.07425322	-0.1696635	0.0010839569	0.15759622	-0.08354791	-0.048551783	0.04552853	0.08695856	-0.09952536	0.09459861	-0.1376833	-0.035776433	-0.06293578	-0.22146976	0.044336572	-0.07228405	0.07821829	0.026955102	0.02422001	-0.029187806
0.12418284	-0.15941697	-0.07132728	-0.018246923	-0.027701782	-0.10377306	-0.12296192	-0.213553	0.019531507	-0.18918811	-0.068624616	-0.09439465	-0.09607638	-0.038571943	0.13523021	0.017034026	-0.039316524	-0.054326344	-0.0037412774	0.025434053	-0.10322532	-0.14373721	-0.16987847	0.066960424	0.062576175	-0.02299216	-0.091877185	0.06747518	-0.11668369	0.00051493186	-0.02422467	0.015824728	0.0872649	-0.008886862	-0.11201912	0.007813626	-0.026861692	0.09945618	-0.089882314	0.035773635	0.02576978	0.05339991	0.033481233	0.0045888424	0.10267444	0.055155106	-0.008645555	-0.027097682	0.027357364	0.017960025	0.026412431	-0.017125344	0.06855772	0.053506542	-0.037795316	0.04942488	-0.13998246	0.10571581	0.034334134	-0.06036315	-0.006741769	0.015437396	-0.0140604945	-0.008095726	0.05221139	0.055496648	-0.106725715	-0.0202739	-0.050788082	-0.019723915	-0.009022151	0.05258047	-0.06889969	0.007837284	0.00030368206	-0.044766553	0.06540926	0.081900105	0.01846952	-0.08469194	0.005215542	-0.14791349	0.09949042	0.062021445	-0.07278488	-0.040997706	0.08525786	-0.015953032	-0.035972822	0.10105091	-0.08162804	-0.026342565	-0.0125756785	-0.1548916	-0.040324777	-0.04872845	0.019100662	-0.020856857	0.061008994	0.030579258
0.08765107	-0.049409848	-0.14912705	0.021237152	-0.06097952	0.014793252	-0.14804202	-0.109419994	0.10395192	-0.24573748	-0.13880673	-0.11400461	-0.054825693	-0.017525325	0.12777896	-0.102098405	0.061902754	-0.009942674	-0.08815053	0.027355738	-0.12937613	-0.17131542	-0.16440527	0.008554905	-0.02976708	0.078167856	-0.040457927	0.017401967	-0.048051253	-0.008552983	-0.06880922	-0.055785	0.12691338	-0.06762229	-0.03979522	-0.04934175	-0.137399	0.068214074	0.064264834	0.033264622	0.0059683835	0.10490498	-0.019906245	-0.045265537	0.034500282	0.13218525	0.06941139	-0.08185359	0.06185611	0.044803575	-0.1109151	-0.11762315	0.03476808	0.04483873	-0.05154618	0.147579	-0.21399221	0.17830387	-0.053244766	-0.0141730355	-0.028272888	-0.028135914	-0.07333416	-0.078811556	0.06803717	0.04664518	-0.08241226	-0.12966695	-0.14287114	-0.06987108	0.00044606795	0.12442503	-0.10999972	0.07202387	0.030015983	-0.039344307	0.1129936	0.159331	-0.04359842	-0.14578229	0.09787375	-0.23295379	0.14594375	0.14741707	-0.053001504	-0.03932578	0.019925056	0.015329351	-0.05741538	0.09022143	-0.091360986	-0.054902315	-0.14103144	-0.15679622	-0.051391218	-0.040380616	-0.054414142	-0.08857336	0.07968401	0.016975123
0.023326693	-0.101640925	-0.07398849	-0.077583335	-0.09681922	0.017102307	-0.0850611	0.015828924	0.048116095	-0.09480208	-0.16981174	0.018220255	-0.1379016	-0.16588475	0.08552787	0.04323686	-0.06586896	-0.10922634	-0.06098889	0.06450188	-0.055913847	-0.12845582	-0.19400336	0.18548329	0.0572994	0.06931785	-0.07689728	0.027200535	-0.075834885	0.03250486	-0.012228537	0.030658273	0.048751447	-0.033732243	-0.18882984	0.024710864	-0.10694067	-0.005970955	-0.02581763	-0.008302261	-0.08153175	0.022716789	0.029637713	0.034735523	0.06702978	0.05018923	-0.15310705	-0.008902286	0.029029645	0.007274352	0.05786757	-0.041659277	0.14992115	-0.02293089	0.025869606	0.15426591	-0.20535497	0.078355074	0.06305614	-0.061818097	0.059266265	-0.035015333	0.009951516	-0.049262	0.017684253	0.0069829887	-0.013337726	0.039283637	-0.045277447	0.008886103	-0.047998585	-0.0058045858	-0.032434307	0.08763651	-0.060260743	-0.0047012293	0.096342705	0.13425028	0.010427992	-0.09404068	0.049866103	-0.080449335	0.092182435	0.14645585	-0.06350903	-0.01163073	0.011717172	0.10281971	-0.0888902	0.059600968	-0.07766873	-0.047151227	-0.025229756	-0.18576342	0.03812108	-0.10856985	0.10216246	0.062511735	-0.020377375	-0.009420891
-0.07788919	0.031903714	0.043637708	-0.0760991	-0.048586078	0.013159819	0.027417522	-0.12354971	-0.024005352	0.024670262	-0.107897826	-0.020076122	-0.13946544	-0.090060085	0.06226899	0.05628244	0.036309015	-0.08209435	-0.046153586	0.0419913	-0.056537524	-0.03288632	-0.19315098	0.081472754	0.072027706	-0.016495358	-0.09965257	0.12012127	-0.10393223	0.14222245	-0.00063827145	-0.020323627	0.09231757	-0.057939123	-0.2444127	0.09919157	-0.079999246	0.12405823	-0.11338092	0.08983688	-0.021762313	0.15105684	0.074076325	-0.053611003	0.13192709	0.08901208	0.012896488	0.10619721	0.082984634	0.03778258	0.032332987	-0.0018616247	0.059099022	0.010050185	-0.08360078	0.047446687	-0.20449965	0.108246654	-0.05713081	-0.021169487	-0.010881161	-0.0594678	-0.027725022	-0.09885624	-0.0282917	0.026051158	-0.10185534	-0.051736586	-0.06585935	-0.006975758	-0.07757981	-0.072168775	-0.14755243	0.035728455	-0.011668537	-0.062415708	-0.08422152	0.03704967	-0.0631593	-0.06304256	-0.017566482	-0.058091886	0.11223062	0.068228036	-0.052515976	-0.003763999	0.01254692	-0.068251945	-0.066318765	0.13511628	-0.082107246	-0.04161496	0.0587815	-0.15544832	0.004920399	-0.056575608	0.0326599	-0.07702051	-0.0012100395	-0.055287313
0.09964034	-0.1772877	-0.04663589	-0.017183002	0.0014431053	-0.07646587	-0.09681088	-0.1433429	0.04642985	-0.107597254	-0.032807488	-0.10166371	-0.057855852	-0.024165563	0.071926124	0.07191723	-0.05786611	-0.15218042	-0.03361695	0.056092985	0.020802496	-0.06925881	-0.15783112	0.04580889	0.035616755	0.013098972	-0.054825258	0.016797854	0.045343865	0.054902527	0.042706676	0.03410887	0.060973603	0.010765922	-0.20988667	0.082411565	-0.023896385	0.10194378	-0.113536395	0.04456062	-0.04542241	0.010890257	0.039418165	0.0023789094	0.18559566	-0.012045824	-0.01579137	0.020329392	0.02992711	-0.010423822	0.10043826	-0.0051927594	0.13273805	0.08535159	-0.087961085	0.1052389	-0.15540597	0.031207427	0.04488134	-0.051006023	-0.026255107	0.007336561	0.046721105	0.015439753	0.08745229	0.10596891	-0.16137011	-0.012699358	-0.05353778	0.063204035	-0.047531635	0.016089618	-0.11667618	0.020326631	-0.04619756	-0.058644682	0.124787435	0.078968056	0.027686397	-0.04809562	-0.08879066	-0.19508867	0.1336329	0.041032255	-0.113354295	-0.06746284	-0.0077696634	-0.008702495	-0.009597088	0.13542283	-0.18364683	0.015934443	0.026058523	-0.18723144	-0.04461058	-0.06147258	0.06765321	0.021033237	0.08455071	0.08588017
0.08637416	-0.19271521	-0.11508324	0.06547215	0.0026792837	0.06178088	0.0012388228	-0.091962904	0.18262805	-0.13277756	-0.11638271	-0.3317787	0.028667862	0.04091701	0.12560533	-0.01566748	-0.14391239	-0.0058803903	-0.16156138	-0.04813813	-0.031512123	-0.1694525	-0.15338074	0.093876936	0.101185694	-0.07198857	-0.05641914	0.036734276	0.11837909	0.09339341	-0.13858867	-0.059872404	0.07429583	0.027289333	-0.20223819	0.13256297	0.07780734	0.049417943	-0.031931143	-0.0047520217	-0.055545427	0.02817133	-0.04330376	-0.0028269105	0.22751918	-0.05149127	-0.038676225	0.05217643	0.11147052	0.008163082	0.112453595	-0.064050555	0.013661652	-0.09452359	-0.066754505	0.08998135	-0.34013632	0.09530519	0.022588478	0.045508232	-0.017450843	0.09468749	0.006682357	0.17458393	0.09887123	-0.08205286	-0.25290596	-0.022366336	-0.10635479	-0.07224814	-0.15532008	-0.031248383	-0.15454598	-0.07611067	-0.029543813	0.13000023	0.16837065	0.07080688	0.09320762	-0.04887442	0.0035790713	-0.118344516	-0.05339884	0.11834483	-0.11368165	-0.1108495	-0.048048895	0.013742853	-0.036003478	-0.06875392	-0.19302906	0.079475865	0.035824317	-0.11821572	-0.17912486	-0.071335495	0.042519	0.1869487	-0.06834191	0.022629442
-0.02284074	-0.15934998	-0.010537909	-0.098481454	-0.06553621	0.02829278	-0.123271376	0.003925951	0.020058211	-0.058072843	-0.13077962	0.018378997	-0.20378964	-0.13180514	0.13008936	0.03658909	0.0024429471	-0.09710782	0.023767691	0.108426236	-0.120371684	-0.09172554	-0.14223824	0.169886	-0.00563341	0.004925687	-0.052966174	0.028452002	-0.17867349	-0.05369241	0.03367321	0.04133932	0.113914095	-0.11200661	-0.20179582	-0.03896176	0.03433815	0.09905699	-0.049337972	0.022066738	-0.05379741	0.090916336	0.13829961	0.0131100975	0.10605605	0.06519049	-0.08018896	0.0036201817	-0.032074675	0.07080082	0.09324158	-0.104672745	0.006581512	0.066418834	0.030952273	0.099219374	-0.22037657	0.12717474	0.03657732	-0.075835116	0.046223167	0.123085305	0.029537154	-0.07842831	0.044435866	0.03151945	-0.044226944	0.011572887	0.011764936	-0.05857299	-0.04845049	0.012116407	0.011753271	0.033280768	0.029256243	0.1251506	0.07428684	-0.0122282505	0.023448704	-0.06070972	0.13016817	-0.13714127	0.014438143	0.1423914	-0.012413483	0.0055814283	0.08400692	0.033864245	-0.020471102	0.08995788	-0.07829958	-0.08179521	-0.04953016	-0.12936443	0.07073753	-0.0035153527	0.032559432	0.055837113	0.008504707	0.10604928
-0.029223168	-0.058101177	-0.018504037	0.027078237	-0.12920699	0.09077014	-0.079236284	0.01236957	0.072475515	-0.035081033	-0.14649144	-0.0003011718	-0.105550826	-0.120285116	0.11911339	-0.020754082	-0.13771828	-0.05277626	-0.12845525	0.09283353	-0.060337882	-0.18701124	-0.23310997	0.12932386	0.050052784	0.03735123	-0.090567596	0.07028189	-0.035462502	0.114563994	-0.09365504	-0.026562845	0.1020366	-0.033766907	-0.26631382	0.058215316	-0.05639574	-0.012829818	0.046724845	0.15012534	-0.13900739	-0.018928371	0.031914346	0.00517782	0.00362321	-0.046368916	-0.16310763	-0.042617846	0.04434082	0.048779447	-0.0022869904	-0.03357767	0.057383977	-0.1246825	-0.01736426	0.06730152	-0.21595089	0.07068922	0.040140018	-0.02965414	-0.018116524	-0.09700699	-0.037343938	-0.015238445	0.013619995	-0.10328097	0.020059388	-0.029499786	-0.04792116	-0.00239013	-0.017054137	-0.07273508	-0.091633976	0.016076813	-0.1266133	-0.08134463	0.122358516	0.13611127	0.0064519434	-0.02379398	0.0039287778	-0.14062925	0.0410736	0.1493163	-0.010406296	-0.109721094	-0.026373917	0.10689152	-0.025246438	-0.009637201	-0.09630852	-0.06324741	-0.022960257	-0.24443755	0.011936486	-0.08081823	-0.018955745	0.11378808	0.018719789	-0.03247211
0.042496357	-0.06424568	-0.057044152	-0.047200304	-0.09539399	0.054365233	-0.037927795	-0.029407691	-0.009647596	-0.03155362	-0.15643606	0.04832579	-0.11741915	-0.068160444	0.047730517	0.05422051	-0.11930283	-0.114882424	-0.09874011	0.08846067	-0.071105964	-0.044675734	-0.24386963	0.11929732	0.10380179	0.05690868	-0.13319895	0.14052776	-0.07767365	0.13331969	-0.03193687	0.03450411	0.0030922745	-0.11208678	-0.24061543	0.03849156	-0.12666592	0.021568837	-0.04636586	0.09793125	-0.10249956	-0.0013193768	0.022016436	0.028859802	0.0924718	0.024632238	-0.10101325	0.020790298	0.07498131	-0.04026414	0.11827664	0.02346638	0.11187237	-0.0072694854	-0.051081173	0.124151126	-0.16301373	0.08394417	0.009095638	-0.013616561	0.017744895	-0.037340626	-0.031506497	-0.008873395	0.03836614	0.022194035	-0.028991021	-0.017501777	-0.07875636	0.021437708	-0.07679088	-0.050881606	-0.10825478	0.17048793	-0.0527101	-0.046909515	0.02322231	0.13303362	0.058647018	-0.037654415	0.08549893	-0.114855416	0.093652934	0.10793168	-0.073876075	-0.060651097	0.042413503	0.03840063	-0.03573622	0.076235764	-0.064988665	-0.037979808	0.03535111	-0.14887452	0.010967799	-0.066691495	0.07802921	-0.039222877	0.08150273	-0.0068790214
-0.02141756	-0.12298733	0.013720561	0.05518361	-0.122144975	-0.014895507	-0.03165721	-0.04504422	0.02844299	-0.02642703	-0.116947755	-0.0067448774	-0.044445757	-0.031621095	0.061324332	-0.030685253	-0.121105365	-0.11049366	-0.124632455	0.096681975	-0.060314555	-0.17958862	-0.118651085	0.047216088	0.05474918	0.058687516	0.030232998	0.06139545	-0.10531436	0.11134316	-0.0200485	-0.040681865	0.08123921	-0.021796402	-0.13474317	-0.0025552963	-0.06595787	-0.00045043655	-0.008986561	0.14997643	-0.036394976	0.063227676	0.010039624	0.01582104	0.039436784	-0.0026028326	-0.038321085	-0.014721006	0.12824784	0.05334956	-0.010427343	-0.1255856	0.013624018	-0.0974494	-0.06510799	0.09439334	-0.18562089	0.06799364	-0.026890963	-0.019133843	-0.05073359	-0.14201164	-0.08426855	-0.03146053	0.0818229	0.018804124	-0.052494984	-0.06111847	-0.12929858	-0.10552934	-0.002091575	-0.0073360153	-0.108056895	0.0068931477	-0.101331964	-0.022206036	0.09657086	0.13663635	-0.05902235	-0.053686045	-0.012827546	-0.14433825	0.13158385	0.17537878	-0.046964772	-0.15324478	-0.09681339	0.00087193534	0.004114942	-0.033464104	-0.22082175	0.059026517	-0.06904821	-0.18485391	-0.027520023	-0.036475405	0.107896075	0.2028973	0.07183487	-0.13305503
0.03291702	-0.1452982	-0.042548183	-0.14224695	0.0030224808	-0.091286175	-0.093430944	-0.11055239	0.04371739	-0.06451218	-0.099423274	-0.1156952	-0.1133763	0.023458626	0.13483493	0.048546646	-0.086337425	-0.055363473	0.054111097	0.05181504	-0.06535342	-0.049987655	-0.09889059	0.05382074	-0.020402893	0.03414904	-0.043223318	0.086662695	-0.11745503	0.0075656716	0.03284637	0.10946718	0.054328665	0.02913575	-0.18013555	0.032228656	-0.051848914	0.13504681	-0.12584382	0.072841614	0.006601085	0.06849771	0.04136045	-0.029744128	0.101072766	-0.008519946	0.001669487	0.036045745	0.05081714	-0.08304292	0.07675474	0.037777755	0.0677836	0.09146541	-0.06175077	0.01721849	-0.17557654	0.0607788	0.0058007203	0.012987397	-0.0024409813	0.04065253	0.031225499	0.030333646	0.018428644	0.03593806	-0.10039396	0.0016997355	0.006911507	0.014613713	-0.07202339	0.038095105	-0.09049465	0.06333182	0.04011621	-0.04205577	0.085273616	0.10574036	0.071396366	-0.021261191	-0.00039379162	-0.19938512	0.054508183	0.08107213	-0.041237313	-0.005432477	-0.025273813	-0.00017360001	-0.05411323	0.1717119	-0.15132242	-0.0049512093	0.0099748345	-0.20127793	-0.022259416	-0.1033195	0.030356683	0.10731312	0.0139979785	0.01776559
-0.054621186	-0.026329424	0.0147788245	-0.07835977	-0.087911	-0.011136041	-0.016958151	-0.1436049	-0.01274202	0.036553808	-0.07726861	-0.080950186	-0.048489343	-0.002247845	0.06383702	0.0031193576	-0.07795342	-0.111349165	-0.051496655	0.030642305	0.00030566772	-0.07211906	-0.12513162	0.08834666	0.03669695	0.04886393	-0.06695345	0.07059147	-0.14301035	0.09358752	-0.008093943	0.057431947	0.13677663	-0.06256627	-0.20306435	0.08873049	-0.082163736	0.13499331	-0.07846277	0.089058384	-0.014444027	0.16623275	0.03492725	-0.07447525	0.04862688	0.07893633	0.0359173	0.07053823	0.10360861	0.016558923	0.030788776	0.028717235	0.03555336	-0.027587038	-0.09672657	0.015548979	-0.19021735	0.09396244	-0.015708197	0.031813387	0.009772132	-0.10403952	-0.055989366	-0.039063912	-0.06706641	-0.004563391	-0.119534075	-0.1186806	-0.021671627	-0.02582357	-0.0140197165	0.01594321	-0.062133882	0.02168578	0.032577507	0.08499395	-0.059631515	0.14918914	-0.03604531	-0.16317691	-0.022204418	-0.12311566	0.10013329	0.07581264	-0.036616232	-0.0058719185	-0.057056278	-0.06253233	-0.006097721	0.08265501	-0.18489315	-0.015094042	0.022683416	-0.13288459	-0.05238437	-0.075906835	0.0014060586	0.029491937	-0.0022386585	-0.026096486
-0.06001261	-0.08167919	-0.0012687193	-0.0263177	-0.09910302	0.09161015	0.03235127	0.03632414	0.024215614	0.0043402696	-0.077259175	-0.031185428	-0.1354203	-0.13139361	0.11699247	0.026792455	-0.07075359	-0.087787755	-0.06630234	0.078199476	-0.05110497	-0.15727761	-0.12218505	0.24044876	0.03439294	-0.057378817	-0.04477672	0.059449308	-0.18996789	0.09041443	-0.044621065	-0.008294492	0.08876521	-0.09955236	-0.21516196	0.046212822	0.036262017	0.06532328	-0.053686652	0.08858038	-0.058073763	0.038875952	0.10494851	-0.057959083	0.10835459	0.06666403	-0.105764136	0.0156167	-0.0018964873	0.11044738	0.012660337	-0.052450705	0.025438372	-0.07095127	0.06295119	0.063859776	-0.2979629	0.13707915	0.04027289	-0.05034515	0.012862708	-0.015736857	-0.05390273	-0.077898376	0.035369217	-0.067355305	-0.058944523	0.0116535	-0.030156098	-0.074776016	-0.07830665	-0.025649779	-0.09348091	0.050049506	-0.0725025	0.0540885	0.069419995	-0.017779812	0.05360166	-0.098844185	0.027967276	-0.10498324	0.08529716	0.1684958	-0.07462155	-0.08491498	0.029905837	0.033615172	0.007275671	-0.009458618	-0.07165142	-0.015173759	0.03421388	-0.10403069	0.01152777	-0.07277284	0.073665954	0.02977723	-0.040138308	0.03540237
0.03088242	-0.040172126	-0.12380749	-0.07014429	-0.1795962	0.10163183	-0.0984155	-0.05672575	0.041819237	-0.06671077	-0.072726324	-0.0549114	-0.09064065	-0.018007498	0.092979714	0.0027629852	-0.14790165	-0.07882039	-0.109652355	0.09820136	-0.060352888	-0.11355646	-0.1828114	0.1712625	0.06807661	0.056922536	-0.12025582	0.06952771	-0.135426	0.1274588	-0.08888373	0.04777798	0.074175216	-0.056699112	-0.15547696	0.03764927	-0.013702116	0.04156914	-0.034283858	0.11932803	-0.06087897	0.085994944	0.007580485	-0.026220806	0.032115653	0.023429979	0.024994196	-0.008704543	0.094117165	0.07929739	0.030215556	-0.04030359	-0.013730634	-0.04502321	-0.052372284	0.044263486	-0.19089204	0.11548709	0.027188504	0.011347038	0.003724578	-0.11138166	-0.0833789	-0.11230695	0.049340274	-0.05901874	-0.02010023	-0.046557598	-0.07802092	0.00036734474	0.023514275	-0.0161695	-0.09103516	0.061810773	-0.052313168	0.004032726	0.008455768	0.09840081	-0.02626826	-0.0395785	0.0331091	-0.12738386	0.057348303	0.07547894	-0.07013903	-0.068302885	0.023499833	0.05390742	0.014718966	0.0152534135	-0.11172867	0.004460446	-0.043658454	-0.10521324	-0.041264296	-0.061115097	-0.02725372	0.0038905195	0.06943599	-0.042409584
0.08819979	-0.0536357	0.093590714	-0.014712715	0.22881062	-0.17725912	-0.1349186	-0.1606907	0.0012351329	-0.06984349	-0.12252805	-0.058826424	0.0048716636	0.12630433	0.16593137	-0.074609645	-0.09681004	0.057004057	0.025791775	0.007280165	-0.21423428	-0.08582768	-0.05052034	-0.024114804	0.053533416	-0.0737689	-0.05780207	0.20095551	-0.02786462	-0.04874292	-0.15247694	0.01719075	0.11338028	0.08436036	-0.121955395	0.10577687	-0.16493921	0.121856555	-0.2581482	0.11035487	0.034783136	0.20532396	0.023105431	0.15313244	0.06693534	0.042819496	0.14546429	0.24806437	0.16786478	0.07271827	0.04667551	-0.01314855	0.17787781	-0.14441392	-0.16544327	0.114730276	-0.10952568	0.015094925	-0.0028261505	-0.07173281	-0.012937739	0.0915153	-0.065653116	-0.04202531	-0.09695036	0.091727965	-0.070571825	-0.034246095	0.011471094	0.022477837	0.059524044	0.04270267	0.044219434	0.02976707	0.10301006	-0.081306845	-0.088599615	0.12840472	-0.11663318	0.014295398	-0.17375588	-0.045077275	-0.027876766	0.014618084	0.040601324	0.15298264	-0.07141257	0.014721575	-0.04420736	0.045090176	-0.051337607	-0.018387543	-0.15057515	-0.27896884	-0.04468284	-0.084516086	0.059001572	0.063346654	0.102021456	-0.059044655
0.011683903	-0.07180666	-0.07512954	-0.056540024	-0.19798255	0.052972455	-0.08117347	0.021871988	-0.056037802	-0.043018043	-0.15154664	0.0132905375	-0.13916759	-0.08209766	0.13835013	0.029250458	-0.049035765	-0.10175242	-0.081029065	0.03954513	-0.10501781	-0.09993613	-0.21663152	0.23061852	0.014769247	-0.0036336652	-0.029317016	0.10136954	-0.1816759	0.106515594	-0.035965253	0.031335153	0.043729365	-0.07753013	-0.17682536	0.014825046	-0.067408465	0.08267783	0.026523467	0.121219754	-0.10567592	0.027943723	0.11529818	-0.015221966	0.01343006	0.034325004	-0.08055152	0.036416087	-0.010305348	0.0077088256	0.060239024	0.035451803	0.07885728	-0.006104327	0.032134622	0.063457735	-0.16352941	0.059588846	-0.050411273	0.0012081055	0.032975703	-0.06483938	-0.061751932	-0.0849159	0.008618005	-0.02625286	-0.02238338	-0.030876977	-0.04646439	0.031201873	-0.0721843	-0.006118936	-0.041695375	0.112511106	0.0025968591	-0.0062566632	0.07466356	0.07853923	-0.025037777	-0.13911161	0.034910604	-0.087247506	0.08736181	0.13604495	-0.022830633	-0.050467867	-0.013131057	0.028693318	-0.0008407857	0.048958346	-0.11329103	-0.089629695	-0.0013001345	-0.15624781	0.044637684	-0.04810118	0.03606559	0.011150796	0.057980303	0.029979754
0.07111536	-0.08512043	-0.06978716	-0.021543536	-0.10213529	0.08167241	-0.023123458	0.035356697	-0.01883615	-0.052002672	-0.17828336	-0.061195116	-0.05993939	0.044584844	0.03488928	0.011233397	-0.15903781	-0.10426385	-0.15245932	0.06387663	-0.11300495	-0.10327598	-0.2960367	0.25970027	0.056214567	-0.002933325	-0.108725205	0.19012532	-0.0033733903	0.19409633	-0.033352703	-0.053722136	0.014547142	-0.052344974	-0.17711316	0.115823984	-0.09702054	0.038250793	-0.018210378	0.034390755	-0.12397418	-0.022247616	-0.013758669	-0.0060868333	0.09066759	0.037055414	-0.06622629	0.09779198	0.013418146	0.045466173	0.12649393	0.052337565	0.076807	-0.061591733	-0.039460216	0.10388231	-0.14866206	0.075469494	-0.0074670347	-0.013498451	0.004764641	-0.09687585	-0.011029133	-0.064840615	0.08669109	0.01776299	-0.05612944	-0.0504927	-0.08831926	0.067262016	-0.06965927	-0.1047704	-0.11946284	0.15917403	-0.05821667	-0.08700522	0.06208148	0.12057718	-0.020119036	-0.02400276	-0.004973681	-0.09072058	-0.0022057053	0.12948999	-0.10701365	-0.075551234	0.03583847	0.034767784	-0.0370752	0.011481348	-0.065493755	-0.07568294	-0.0008561727	-0.19716917	-0.039587364	-0.06538071	0.0075846454	0.017573193	0.13708381	-0.05540475
0.0015609905	0.08721849	-0.09002014	0.018073753	-0.19042131	0.07298121	-0.03645593	-0.16292045	0.07785014	-0.064086996	-0.15849823	-0.13369437	0.0067198207	0.08181045	0.09312582	-0.096929416	-0.061144665	0.039707836	-0.11417366	0.011382409	-0.04573823	-0.14006199	-0.18860184	0.11374156	0.06336004	0.02816161	-0.19582316	0.08136567	-0.08921098	0.16376565	-0.08636553	-0.0074610626	0.084894106	-0.1976344	-0.20357306	0.033594728	-0.025798753	0.10427607	-0.00012966704	0.16830724	-0.15375274	0.12113796	-0.0021138692	-0.005510093	0.07626108	0.08378307	0.046317156	0.031876232	0.07505244	0.2114943	-0.008772303	-0.040303994	-0.012100292	-0.011057477	-0.04571525	0.070481375	-0.18451312	0.08457179	0.029075809	0.044875965	0.012871587	-0.15919933	-0.12647443	-0.076522455	-0.07893373	-0.05495289	-0.1339282	-0.127194	-0.08589606	-0.077509955	0.08777437	0.0627375	0.032450415	-0.05887062	0.0009420272	0.19065791	-0.058876645	0.16954373	-0.10391154	-0.22124802	-0.00088298187	0.010020137	0.046411436	-0.015560327	-0.03263396	-0.064303055	-0.013470871	-0.062245216	0.0022324098	-0.03168549	-0.06088851	-0.041806094	0.057970528	-0.08512928	-0.105724305	0.046006586	-0.062884755	0.07129259	-0.041776516	-0.07641423
0.24297269	-0.13661331	-0.19064546	0.11487097	-0.13612463	0.0433501	-0.054403383	-0.19689918	0.09496833	-0.14917763	-0.07397955	-0.26917592	0.048922658	0.16011727	0.11426226	-0.07026421	-0.13392459	0.0497256	-0.24838585	-0.016607145	-0.07980173	-0.09615465	-0.2830328	0.018087031	0.07947232	-0.07418756	-0.19255006	0.0051321494	0.13387968	0.07013179	-0.12160344	-0.0074805864	0.09639301	-0.033765193	-0.25755724	0.14092912	0.04049273	0.10670507	-0.031508345	-0.010148085	-0.07609181	0.03776111	0.01692968	0.010241629	0.16710335	-0.07385462	-0.10101234	0.024544636	0.08485047	-0.10878319	0.2028759	0.03944431	0.011266071	-0.018257558	-0.17938021	0.011404649	-0.24571584	0.06940329	0.066954836	0.019619212	0.014506298	0.0872393	0.010629676	0.20598632	-0.029752905	-0.045606367	-0.3215849	-0.079810224	-0.04451982	0.059628826	-0.055152204	-0.009481511	-0.11794733	-0.06748467	0.020002576	0.2160099	0.08870128	0.13180833	0.122055	-0.12180576	0.018403139	-0.12549047	-0.04172275	0.026427168	-0.01811653	-0.02819433	-0.014955275	-0.08474067	-0.0065391376	0.060739037	-0.17697749	0.045462094	0.1317111	-0.08016258	-0.1532588	-0.01866704	0.014145231	0.1653223	0.04726947	0.053407583
0.13511084	0.029523965	-0.12920916	-0.05266426	0.05128124	-0.037224047	-0.17602366	-0.1737539	0.0019030662	-0.18745248	-0.08555796	-0.18987758	-0.011352348	0.1911829	0.17000814	-0.1394498	0.029170925	0.09434769	-0.051509283	-0.06606623	-0.26719347	-0.1347572	-0.18233901	0.06494234	0.056497015	-0.046145476	-0.13458277	0.2420288	0.03200576	0.041575413	-0.21999605	0.018539868	0.09347948	-0.10689898	-0.069714926	0.047480155	-0.13670456	0.20459855	-0.12181644	0.12531884	-0.2268829	0.11685492	0.044895146	0.012942841	0.11441224	0.14657846	0.21787058	0.26117983	0.07757391	0.102166735	-0.0021641017	-0.107766226	0.01322792	0.06314282	-0.13671717	0.12894489	-0.07884168	0.09745236	-0.04236796	0.068845	0.010250767	0.15785109	-0.07509308	-0.08628341	-0.1258321	0.10478707	-0.14190568	-0.106035925	-0.06884947	0.020320721	0.03977277	0.12004888	0.102968946	0.10810212	0.24602439	0.1255569	-0.08604345	0.048490055	-0.0978101	-0.11159891	-0.027323276	-0.08010148	-0.033603925	-0.01768891	-0.0076706074	0.055464968	0.040762834	-0.031687506	0.021846348	0.035998076	0.07155852	-0.10944062	-0.06408249	-0.10035805	-0.1646246	0.047497172	-0.08408635	-0.16560566	0.000303586	0.016465418
0.2613206	0.04766795	-0.40773213	-0.17175345	-0.1985221	0.058829978	-0.1391235	-0.09234303	0.12261573	-0.28009814	0.08527071	-0.31661853	0.113724574	0.37318522	0.10447436	-0.13761549	-0.21032391	0.37429926	-0.15084095	-0.121068195	-0.1799593	-0.0670479	-0.16160697	0.23858626	0.112546705	-0.11706316	-0.25036618	0.08461385	0.175236	0.04111113	-0.2621376	0.12040343	0.039302677	-0.190792	-0.2694729	-0.043940004	0.038423855	0.33431396	-0.26425758	0.50655246	-0.4014454	0.082756735	0.13766901	0.095093906	0.18437393	-0.025488757	0.3880374	0.45625508	0.12627658	0.15406956	0.1350088	-0.035122436	-0.24376717	0.16444829	-0.16367245	0.006305961	-0.08705188	0.05845089	0.029266188	0.19108127	-0.023620632	0.24755578	-0.11806977	-0.104659915	-0.24703135	-0.09771584	-0.050239034	-0.059212886	-0.10520377	0.025462491	0.17474551	0.24800584	0.24880475	0.14518557	0.3980337	0.16020763	-0.05284869	0.0102680335	-0.025923263	-0.11803262	0.0032599284	-0.055119924	-0.20742944	-0.17054474	0.092487745	-0.041371647	0.19430584	0.012522038	0.071710475	0.11736826	0.31448978	-0.17565577	0.049848713	-0.082327865	-0.27667147	0.0766293	-0.1272135	0.13239111	-0.014746891	-0.31102878
-0.03842114	0.040043104	-0.0135644255	0.016812142	-0.18906695	0.051973097	0.03334984	-0.034343258	0.0010055021	0.013226258	-0.1368096	-0.04054175	0.013221176	0.016099289	-0.0446101	-0.046869833	-0.07560083	0.00038119344	-0.08820322	0.0087090805	0.017962644	-0.2013901	-0.19356516	0.22654282	0.05485669	0.015315991	-0.13232136	0.082191214	-0.065125234	0.17227764	0.0061090607	-0.038131617	0.077908054	-0.16560864	-0.21103293	0.025164524	-0.030509122	0.09893052	-0.08333053	0.20845002	-0.1765268	0.04549855	0.079192296	0.013863063	0.05150799	0.071263835	-0.05447735	0.07881028	-0.044153742	0.21936946	0.008316613	-0.053712588	0.015787685	0.00021237813	-0.014492078	0.032758743	-0.15367223	0.04632101	0.102356	-0.020838248	-0.0057996926	-0.18246071	-0.114856556	-0.14574523	-0.089276895	-0.055038273	-0.0589534	-0.1007809	-0.049969524	-0.040397618	0.13007455	0.0022337036	0.058346286	-0.05970848	-0.024173448	0.13247174	-0.061168097	0.14298186	-0.091956355	-0.17993605	-0.07942966	-0.09250657	0.096008845	0.037619613	-0.04437478	-0.0997143	0.05088752	-0.056755487	-0.022881387	-0.06960484	-0.025039172	-0.113222554	0.05452674	-0.27664307	-0.080432355	0.033489995	-0.03499958	0.09778165	0.030868223	-0.23857859
0.6939456	0.08194571	-0.7163983	0.15623309	-0.5011764	0.22673157	-0.16401678	-0.17663644	0.113134265	-0.5641938	0.08316386	-0.39117256	0.35695428	0.6910304	0.1922956	-0.40739402	-0.2001055	0.66389865	-0.38941547	-0.08829279	-0.29664746	-0.13263772	-0.31302577	0.23202753	0.002044392	-0.23029138	-0.49704465	-0.104155295	0.27147308	-0.08761426	-0.32985535	-0.0015108645	0.17002845	-0.5036053	-0.36217183	-0.13688783	0.052869853	0.48113695	-0.07484101	0.49542502	-0.6198651	0.006360767	0.29929146	0.26447794	0.06560819	-0.027559219	0.26588032	0.3823077	-0.14865611	0.26735324	0.2196757	-0.068674974	-0.2784425	0.24805656	-0.19325592	0.11501624	-0.02889753	0.002181698	0.15790997	0.17847003	-0.015910316	0.36981145	-0.10919276	-0.046079665	-0.3983785	-0.13319053	-0.30535543	-0.1609059	-0.042752404	0.07868297	0.41427052	0.49199596	0.42354757	0.10353139	0.45825252	0.5620676	0.09664826	0.09716703	-0.033216	-0.4362912	0.02209294	-0.13772689	-0.3953501	-0.15151702	0.2451159	0.021898193	0.3357642	-0.11528871	0.15629469	0.12619957	0.39256367	-0.31027058	0.039406586	-0.09587131	-0.30702	0.32744196	-0.2022733	0.237548	0.19747476	-0.2727497
