0.033795625	-0.025306122	-0.17298988	-0.04761279	0.018666577	-0.04570098	-0.0065949387	-0.0114799375	0.008759247	0.0017673173	-0.08509142	0.08506638	-0.1974533	0.08981627	0.11022676	0.12392619	0.082787864	-0.007155781	0.03178251	-0.12626174	-0.024259022	-0.15506111	0.056641236	0.03435924	0.030480843	0.016762035	-0.10162986	0.07821232	0.0589135	-0.074277416	-0.14185609	-0.028340722	0.15262616	0.1406298	0.1284573	0.0069395225	-0.10943253	0.044214033	0.013581193	-0.029431805	-0.17528328	0.0013533214	-0.10829687	-0.099985145	-0.10317833	0.0055694855	-0.048848644	0.10512438	0.04873257	0.079330705	-0.08841858	-0.051565908	-0.0476671	0.017309014	-0.06329812	-0.04959035	-0.086527765	0.06085733	0.028260656	0.1465997	0.13866837	-0.011663198	0.1563637	-0.059037812	-0.09767516	-0.0031840533	-0.051267035	0.06252986	0.112546265	-0.09679635	-0.15802896	-0.068594806	-0.17559437	0.0503208	-0.046653055	0.093425915	0.008044172	-0.028642908	0.04509238	-0.18041241	-0.2168503	0.046079118	0.08096745	-0.020481447	0.06535547	0.050764352	0.1644295	0.07844623	-0.013163679	-0.080797434	-0.052752804	-0.036477882	-0.05252713	0.08081624	0.004022111	-0.13789576	-0.002527476	0.1262455	0.0011635926	-0.069710195
-0.045255635	-0.04641896	-0.10223449	-0.027928771	-0.05492153	-0.059324473	-0.05081897	-0.03324632	-0.02915007	0.026498767	-0.10409231	0.13149004	-0.11611395	0.0389821	0.11712999	0.06650954	0.1578242	-0.045129534	0.08782755	-0.0847444	-0.0036006705	-0.016961154	0.08553599	-0.023528654	0.011363395	-0.03447808	-0.0724765	0.07469522	0.088186845	0.0028967722	-0.19795129	-0.050027344	0.07620358	0.17590065	0.061379023	0.07309516	-0.10623769	0.045283046	0.005498485	-0.008669722	-0.17369345	-0.0067459834	-0.10524825	-0.068434134	-0.123511136	0.017649602	-0.031123135	0.07994367	-0.054879237	0.06710422	-0.032469373	0.0057068346	0.03884877	0.0055199834	-0.09262105	0.030819114	-0.07119764	0.06383038	0.039167937	0.11642727	0.15242453	0.03440496	0.17380236	-0.013030921	-0.04753042	0.055345338	-0.05041744	0.08612596	0.08650189	-0.052616533	-0.1463585	-0.09290543	-0.13406871	0.06250941	-0.0885911	0.09601541	0.027166307	-0.09595682	0.06268746	-0.14359984	-0.22012763	0.12516983	0.07652146	-0.028723592	0.04644796	0.18194097	0.13127252	0.01847598	0.01954294	-0.06704714	-0.027140273	0.034240715	-0.059494376	0.030231612	-0.012016325	-0.1346646	0.02642284	0.14484872	0.029997272	0.014657694
-0.0038639577	-0.00956321	-0.15016703	-0.06379094	0.04179596	0.025115283	-0.018131655	0.0448076	0.03129652	0.046033017	-0.087071866	0.14798972	-0.18248646	0.011557252	0.11945996	0.1304348	0.061464448	-0.03903443	0.012390581	-0.096209906	-0.065218344	-0.08943749	0.06947939	0.024265172	0.0052128276	-0.04338269	-0.14874443	0.04930033	0.037913255	0.02476493	-0.124750845	-0.021480992	0.114145346	0.1735658	0.09702435	0.10549449	-0.14186156	-0.07625996	0.07185817	-0.066566035	-0.22242911	0.058320533	-0.17381287	-0.026044989	-0.12531717	0.05202992	0.017236559	0.1520396	0.050746698	0.10748917	0.001325936	0.055186085	-0.02249652	-0.04082393	-0.097004525	0.06344929	-0.027511362	0.015899314	0.031279262	0.12770452	0.076079465	-0.07801749	0.123390876	-0.01054148	-0.115567714	0.03544909	-0.07413132	0.061214615	0.12023765	-0.15859519	-0.11387781	-0.034470666	-0.09316886	0.051396742	-0.0290004	0.10337377	-0.0077646933	0.01305372	-0.062559925	-0.16361977	-0.21246433	0.0024862664	0.12132199	-0.002961172	0.044486225	0.18315056	0.09518507	0.0047467737	-0.020757783	-0.032782756	-0.13348454	0.00737044	-0.051946394	0.08469244	-0.070434675	-0.12098279	-0.013013521	0.046934824	-0.023797525	0.044615384
-0.04238086	-0.07018508	-0.17461237	-0.05109081	-0.041119803	-0.030765317	0.031546086	0.045631353	-0.047380906	0.061290108	-0.13713683	0.073572196	-0.16734082	0.019304588	0.07109695	0.0034157499	0.083992675	0.016909905	0.039203957	-0.06396539	0.012162249	-0.046129007	0.048204374	0.03968202	-0.0047527617	0.00023270927	-0.09980527	0.06364524	0.005737525	-0.027206188	-0.12598954	-0.019037265	0.09479107	0.15632942	0.089549705	0.012558964	-0.10977621	0.02653313	-0.009266362	-0.043476578	-0.1676045	0.0068880385	-0.10442431	-0.0024688176	-0.1810727	-0.008095564	-0.054084603	0.06600591	-0.011999714	0.10081873	-0.059007537	-0.0316655	0.048383757	-0.024167625	-0.05825015	0.00948485	-0.060985196	0.001965159	-0.012184585	0.14307873	0.11556817	0.03346384	0.15270524	-0.033619497	-0.04033246	0.030221991	-0.07926823	0.093557306	0.11816613	-0.094099626	-0.1038452	-0.06351937	-0.08443887	0.04042954	-0.068962246	0.08157412	0.029362615	-0.016681476	0.045081843	-0.1034102	-0.1941087	0.12695423	0.053713124	-0.0082764	0.056841142	0.1822135	0.10208826	0.0137469685	0.017440056	-0.04704235	-0.10894873	0.062049814	-0.032484673	0.047177818	0.024649896	-0.14033146	-0.020086957	0.17961602	0.033395592	0.006275455
-0.0710604	-0.05489693	-0.12051741	-0.047366176	-0.0697222	-0.08751978	-0.05054682	-0.020764142	0.07217038	-0.011364154	-0.053686123	0.16119716	-0.14448775	0.08226432	0.16364844	0.046378467	0.12279565	-0.107976355	0.05318755	-0.1498199	-0.00613097	-0.08063708	-0.01565923	-0.046517722	-0.028391004	-0.007812323	-0.106025115	-0.017968815	0.074107505	-0.090759635	-0.18475485	-0.060059167	0.16276658	0.12092414	-0.012074719	0.07853573	-0.15625238	0.042313233	0.08993083	-0.1418306	-0.22256596	0.09573618	-0.14851898	-0.1532611	-0.104607336	-0.041604053	-0.097084664	0.13318801	-0.0065273065	-0.0013988611	-0.0043772594	-0.0960622	-0.034936983	0.07720978	-0.11898926	0.012312771	-0.13231632	0.16530107	0.030402256	-0.0017530576	0.17790245	-0.03665658	0.15096565	-0.058082707	-0.029258724	0.05837214	-0.064362526	0.12079226	0.1522673	-0.12239224	-0.12906455	-0.07289514	-0.123510964	0.041359987	0.013632529	0.025705975	0.046860214	-0.06087034	-0.022557903	-0.081672415	-0.15126272	0.018264282	-0.009424695	-0.01946552	0.12972355	0.1829075	0.1567787	-0.030826055	-0.027061261	-0.03803016	-0.0029974398	0.020536693	-0.0813253	0.0746253	-0.05424494	-0.16692954	0.08255406	0.11855866	-0.01378413	-0.043912064
-0.073512234	-0.03623396	-0.18967876	0.036084	0.08025296	-0.023790013	0.054646317	0.000584872	-0.024159314	0.061552096	-0.086931735	0.10619982	-0.17745095	0.09386881	0.15311247	0.048851706	0.14090087	-0.029126072	0.017931808	-0.116106085	0.01417917	-0.071679294	0.030305646	0.105018735	0.06241239	0.026897728	-0.12707713	0.042116694	0.083026655	-0.06449215	-0.1537691	-0.052875966	0.16376428	0.1663604	0.19755283	-0.006574281	-0.12634419	0.024384465	0.016274797	-0.09405879	-0.24453084	0.015659764	-0.16596806	-0.053937282	-0.13234575	0.014017941	-0.076286785	0.052259784	0.06138727	0.115521625	-0.057217095	-0.009664378	-0.008848691	0.028204981	-0.09135968	-0.00465749	-0.08126095	0.061002623	0.06382992	0.12463734	0.10546979	0.015914721	0.14818723	-0.07307719	-0.07794167	0.00019283989	-0.04829318	0.114936806	0.11052285	-0.13692617	-0.09852623	-0.055979367	-0.18147956	0.07600334	-0.032846734	0.0055092494	0.04859919	-0.0003212462	0.039604563	-0.13832182	-0.16677362	0.06723068	0.06684128	-0.038972776	0.025776044	0.13586938	0.10940038	0.037846472	0.086452916	-0.01239822	-0.033344623	0.0048253513	-0.038295418	-0.0072629466	-7.981002e-06	-0.09091609	0.01610665	0.14403497	-0.06418002	0.019089265
0.029773599	-0.047711413	-0.085439555	-0.0063031893	-0.017015466	-0.0598962	-0.051041644	-0.06623872	-0.00033499315	0.10747159	-0.052230272	0.13036217	-0.13499086	0.06416745	0.01634164	0.042383276	0.11017713	-0.05889705	0.009185098	-0.071692474	-0.06909169	-0.10151638	0.023604572	0.0345618	0.04796306	0.023113227	-0.046886537	-0.043507367	0.021594724	-0.083887324	-0.11708637	0.012069038	0.06184453	0.17957708	0.089992195	0.041149706	-0.1265292	0.016320815	0.05981647	-0.12843975	-0.19314043	0.086033836	-0.099211685	-0.051812932	-0.16149406	-0.007411631	-0.1009091	0.11267436	-0.020575263	0.09052804	-0.06662482	-0.10999532	-0.0126747	0.07098818	-0.1311051	-0.017085616	-0.06504481	0.04067511	0.046362996	0.09521881	0.11458669	-0.03570323	0.1425746	0.036011055	-0.08516866	0.055204757	-0.011407822	0.17564107	0.111750826	-0.10892361	-0.1188569	-0.04315874	-0.090204895	0.019197179	-0.06928701	0.024421426	-0.02283742	-0.034720134	0.0529318	-0.080122225	-0.14950311	0.11623497	0.024943404	-0.08477638	0.12501076	0.17261618	0.07131878	0.003787803	0.06563295	-0.020723062	-0.11069815	0.11663324	-0.08845694	0.096962936	-0.051181927	-0.19971666	-0.008488437	0.18174046	0.04271862	0.016481996
-0.033932135	-0.022988241	-0.09615844	-0.054985497	0.00065001205	-0.03886413	-0.07593556	0.00915623	-0.019481089	0.040610097	-0.07025898	0.09556857	-0.16021758	0.034792565	0.1264324	0.04814431	0.084757425	-0.042831615	0.044085763	-0.10416446	-0.05219283	-0.060359634	0.07333854	-0.031276193	0.051465873	0.0020548434	-0.08930036	0.010463485	0.060169615	-0.035463903	-0.14422782	-0.008189297	0.14495829	0.20408875	0.08377629	0.04110537	-0.083504006	0.065797366	0.067435265	-0.03532414	-0.2072931	-0.025388932	-0.17184716	-0.14466453	-0.07658221	0.012588387	-0.05989168	0.122826554	-0.06417843	0.08087872	-0.05680092	-0.05943687	-0.0154178515	0.08537563	-0.12693237	-0.0088747265	-0.07687493	0.09208537	0.024150018	0.01572544	0.11506205	-0.03552349	0.12321411	0.026917797	-0.03152787	0.05967698	-0.06171764	0.13251233	0.14428711	-0.11856403	-0.1198271	-0.01637407	-0.06868651	0.03327759	-0.056659546	0.12557907	0.03856048	-0.053034298	0.009202309	-0.108193606	-0.16601247	0.06707614	-0.0041530924	-0.022066765	0.049690578	0.18503048	0.11052342	-0.029723464	0.054888178	-0.033577636	-0.023086337	0.05402958	-0.053884387	0.053143755	-0.06273277	-0.11936721	0.020629382	0.14545852	0.047316387	-0.025629591
-0.012324996	-0.03314902	-0.09268238	-0.03914722	-0.030737039	-0.07344325	-0.04310071	0.0082292175	0.019605251	0.026504507	-0.03288737	0.11728874	-0.096795104	0.06787478	0.09119897	0.06879314	0.085882254	-0.024230981	0.04100652	-0.113392085	7.2224866e-05	-0.102498114	0.031598624	0.03747665	-0.008744604	0.013323603	-0.06509266	-0.012687859	0.06872336	-0.09099029	-0.11336562	-0.024874607	0.13688113	0.11990403	0.11431769	0.029627495	-0.15720041	0.0044371113	0.05134329	-0.12455166	-0.17245759	0.067088015	-0.12524138	-0.08386334	-0.16400003	-0.006782287	-0.054409254	0.13820311	0.0056744576	0.0549199	-0.026002126	-0.068033375	-0.033402923	0.026536705	-0.08879631	-0.019146537	-0.04789799	0.041641034	-0.0024285454	0.13505264	0.15958859	0.0021384193	0.16329354	-0.030192392	-0.13064523	0.05522249	-0.04691044	0.075556196	0.11788322	-0.11296428	-0.088316336	-0.0555814	-0.14962675	0.030240832	-0.017589375	0.071886055	-0.005664165	-0.02295328	0.0020800168	-0.115199514	-0.17445867	0.024142237	0.019534538	-0.021226402	0.101539716	0.16083972	0.11780325	-0.008257095	-0.0016271314	-0.063843235	-0.1078654	0.046489254	-0.098986425	0.087541744	0.024200693	-0.14941368	0.017514309	0.17624088	-0.0031325775	-0.0431988
0.025112187	-0.02264306	-0.1565536	-0.02815148	0.00023244978	-0.07706702	-0.015920926	-0.026056357	0.031647954	0.008340895	-0.11346581	0.16871239	-0.20957743	0.037241153	0.14348024	0.0807003	0.05611542	-0.10972439	0.09810542	-0.06660002	0.027819082	-0.08934809	0.11884641	0.038318142	-0.062869765	-0.01376358	-0.11763442	0.035753783	0.0485903	0.06272554	-0.15463156	-0.08517017	0.1263467	0.19178857	0.0730989	0.09046474	-0.18265706	-0.039777886	0.07959496	-0.103828706	-0.25021616	0.049624488	-0.14984116	-0.14466444	-0.03687096	0.031459022	-0.0024615403	0.112820745	0.028283158	0.03989969	0.022293558	-0.012928091	-0.042812455	0.025190812	-0.122351184	0.039854508	-0.07937909	0.0792094	0.07534741	0.07087596	0.09460413	-0.04401051	0.07978423	-0.031966846	-0.097456165	0.0017179309	-0.04108795	0.12765732	0.072899	-0.1595874	-0.13880882	-0.031364072	-0.16623902	0.06865646	-0.06930988	0.061024517	0.0050878725	-0.0068291193	-0.023302484	-0.15272857	-0.24334961	0.030316062	0.057433143	-0.05049385	0.096981235	0.11682054	0.12046714	-0.02037809	0.09349729	-0.009146348	-0.08450573	0.0047044065	-0.08105995	0.07849842	-0.096065365	-0.1054258	0.03114275	-0.010352187	-0.019723544	-0.021481207
0.0046522766	0.029891033	-0.11172902	-0.029940601	0.0016918723	-0.08962768	-0.0036034363	-0.050326213	-0.013034846	0.04363085	-0.09468789	0.12438876	-0.13692927	0.025363747	0.06523267	0.06250134	0.029422699	-0.04098781	0.045327224	-0.06327923	-0.05215909	-0.11132785	0.047031727	0.02234284	-0.03226449	-0.016423618	-0.07546285	0.06459678	-2.9182853e-05	-0.028487088	-0.1475451	-0.06604888	0.14901401	0.15895547	0.230027	0.0070317015	-0.12232453	-0.03770583	0.09524211	-0.07033135	-0.20615536	0.03945194	-0.1677587	-0.07176287	-0.07759261	0.0267137	-0.071829	0.08499596	-0.00700601	0.03359344	-0.0144252945	-0.029529918	0.0053508296	-0.039083622	-0.03574577	0.05576544	-0.049186774	0.11115437	0.039066114	0.09585244	0.14259735	-0.042202644	0.092985205	-0.008785335	-0.11023091	0.01097431	-0.10607693	0.022245336	0.14173472	-0.13773185	-0.07436612	-0.047542963	-0.11823484	0.044061504	0.015446899	0.03475869	0.02914193	0.0022870193	-0.010146013	-0.08307816	-0.17196314	0.028024133	0.08175573	-0.023095133	0.0727088	0.14554295	0.12600707	0.0016494219	-0.0010931339	-0.029767642	-0.09485652	0.046084207	-0.051624082	0.0563378	-0.025426976	-0.14173073	-0.032878432	0.14945062	0.026896775	-0.011291615
-0.014802356	-0.06778144	-0.12045366	-0.011204338	-0.03170678	-0.03960117	-0.004157253	-0.058193874	0.023083396	0.10955901	-0.08145518	0.16954441	-0.18761177	0.059374344	0.1395098	0.115816236	0.14731711	-0.0976659	0.0005075132	-0.10232459	-0.048090592	-0.043809813	0.039135236	0.048411265	0.04713202	-0.037323605	-0.07353803	0.050685223	0.08917972	0.01615106	-0.16683005	-0.052297145	0.13065633	0.1026045	0.1254456	0.036464784	-0.08494221	-0.0021029233	0.07626709	-0.059029765	-0.2349229	0.051530864	-0.11759471	-0.059246056	-0.11365973	0.005016984	-0.05500921	0.10938645	0.07721704	0.0837423	-0.004208637	-0.025136203	-0.013767788	-0.012558409	-0.08538143	0.039691336	-0.106702395	-0.0009773395	0.04359805	0.1434918	0.10943053	-0.015899677	0.15440984	-0.008722052	-0.07948103	0.03565075	-0.056154244	0.10310166	0.09939537	-0.10760206	-0.08297037	-0.04437012	-0.14691944	0.073151894	-0.021132903	0.013052898	-0.0540371	-0.058531985	-0.028814984	-0.13988616	-0.17113908	-0.022248773	0.082735494	-0.046886913	0.047497135	0.17873797	0.09536515	0.007297374	0.031036034	-0.045420025	-0.038426213	0.023570482	-0.026449537	0.05914016	-0.036551315	-0.12709174	0.005207412	0.049051415	-0.11112837	0.049018975
-0.0030893143	-0.0581389	-0.039581895	-0.0028662372	-0.0015741962	-0.037963934	-0.08297065	-0.038181692	0.013008147	0.02111241	0.0019631567	0.103467755	-0.12557086	0.07608338	0.028209576	0.01842572	0.10458562	-0.084710576	0.018209102	-0.084396526	0.011134068	-0.001702162	-0.0088849375	-0.11019205	0.021115493	0.022442857	-0.1115892	-0.025912149	0.025588358	-0.053423908	-0.17606586	-0.045083117	0.11320766	0.23145302	0.077139355	0.09253079	-0.12536794	0.02544205	0.070429265	-0.07873817	-0.22237149	0.02644502	-0.119151644	-0.09960541	-0.17092499	0.0027381817	-0.040753897	0.18413942	-0.047962345	0.10610031	0.019800732	-0.026979342	0.040497307	0.037148442	-0.08582706	0.019789755	-0.06837796	0.07255574	-0.0137277385	0.08860397	0.21406502	-0.008347548	0.18068185	-0.047208276	-0.09480027	0.051215712	-0.015106109	0.052777357	0.1421487	-0.07382095	-0.11168074	-0.05144164	-0.097839266	0.089043155	-0.08384398	0.113597825	0.04654896	-0.04659006	0.038435552	-0.12910916	-0.21021867	0.13901065	0.10823814	-0.07311265	0.07195048	0.16893284	0.1239868	0.033071242	0.02745047	-0.10730918	-0.07492181	-0.00061039056	-0.017387215	0.07782979	-0.065403745	-0.15762435	-0.023039665	0.101542965	0.042435545	0.014065312
0.044303663	-0.02381928	-0.097077765	-0.009614921	-0.00091744424	-0.028243221	-0.070681475	-0.096404664	0.009264421	0.07323428	-0.09619927	0.1607343	-0.11823	0.031844214	0.09506847	0.16793245	0.15412399	-0.07666299	0.0072161085	-0.097962275	-0.033475347	-0.06299803	0.011526778	0.037771866	0.04761783	-0.05780332	-0.09670158	0.019389872	0.07485192	0.026587887	-0.16537067	-0.0047289524	0.05970148	0.12286794	0.09516231	0.064818606	-0.075721875	0.029697586	0.036319334	-0.033379838	-0.20594665	-0.008065574	-0.1786829	-0.043565337	-0.061394963	0.029318368	-0.05048743	0.09635739	0.06820731	0.12442621	-0.021997102	0.006659028	-0.021369116	0.036448892	-0.07390861	0.03375127	-0.11407771	0.01498198	0.057240058	0.16517977	0.124196105	-0.0019994958	0.13244055	0.0264193	-0.008977178	0.028915524	-0.056213327	0.043921284	0.09808558	-0.101978935	-0.104842864	-0.014272146	-0.105243444	0.016961098	-0.06804367	0.08880989	0.0020139758	-0.057979804	-0.03372215	-0.15951212	-0.18506086	-0.0013900275	0.07033676	-0.031786524	0.07257256	0.21100713	0.08782009	-0.012458762	0.0018815811	-0.04702141	-0.073062405	0.036459543	-0.03678213	0.05932992	-0.07037493	-0.19144475	0.029051058	0.10585865	-0.029038098	0.084716044
-0.1566071	-0.05332488	-0.14929323	-0.06651256	-0.07447026	0.021259692	0.055371873	-0.08571823	-0.017472217	-0.006260399	-0.12847891	0.13125356	-0.10343924	-0.0154166045	0.112113014	0.033729017	0.03375083	-0.09544531	0.04047475	-0.11654931	-0.05054655	-0.061091848	-0.044258308	-0.023206176	-0.05238074	-0.0595066	-0.07157781	0.030970799	-0.007747476	-0.036054052	-0.13453797	-0.069255434	0.14843608	0.038338717	0.12601408	0.07761925	-0.1084462	0.08074202	0.056602143	-0.06283117	-0.21032864	0.07198135	-0.11679553	-0.0477808	-0.08883497	-0.051793486	-0.10700304	0.030523738	-0.0025599364	-0.028368628	-0.00018477165	-0.010028585	0.062207464	-0.053555395	0.012065342	0.040532403	-0.07297946	0.13447692	0.00930484	0.053430147	0.22706649	-0.05007771	0.06159221	-0.046070937	-0.065778255	0.026288869	-0.12211599	0.055655144	0.14953063	-0.116231196	-0.1357527	-0.07681815	-0.061723176	0.042143807	0.019981764	-0.01786424	0.02453596	0.0057202927	-0.105912216	-0.05914028	-0.1900849	0.045143306	-0.0007161926	-0.008051507	0.15463796	0.21921837	0.14567655	-0.034458242	-0.067607634	-0.05095505	-0.040284377	0.07067359	-0.05363888	0.034358136	0.015558836	-0.160737	-0.05601301	0.24965625	0.033069346	-0.071174905
9.490357e-06	-0.04179454	-0.15227997	-0.053459357	-0.054264836	-0.0284965	0.087997325	0.019936271	0.010664307	0.095223	-0.091027044	0.10855625	-0.19601111	0.016202014	0.08912837	0.14160734	0.0956229	-0.024654431	0.01806697	-0.045936067	-0.020777667	-0.09322059	0.031874474	0.08665623	-0.028211836	-0.039313804	-0.03818203	0.08120522	0.01754888	0.042924955	-0.10973731	-0.07321865	0.09740515	0.09547573	0.22914192	-0.019038403	-0.013499368	-0.04546417	0.05251694	-0.117947966	-0.23225033	0.0219821	-0.08726665	-0.033041995	-0.102696255	-0.01590668	-0.020538079	0.06765643	0.12188555	0.11865253	-0.017216234	-0.057435818	0.010527313	-0.03846742	-0.10664583	0.0002488514	-0.13531716	-0.07347233	0.041083116	0.1849474	0.111270204	0.016455425	0.09405654	-0.006508849	-0.107454196	-0.01637891	-0.0106368605	0.022154957	0.079667754	-0.099781394	-0.056575697	-0.048205756	-0.1323658	0.0005331851	-0.05517855	0.023483932	-0.047461722	-0.052403416	-0.031241313	-0.104735956	-0.19437045	-0.022095911	0.095737785	-0.072830155	0.12165445	0.15210102	0.036006186	-0.0032445067	0.0063813054	-0.005097593	-0.13037011	0.068530604	-0.012548195	0.051144283	-0.05892068	-0.099862844	-0.020207621	-0.020716617	-0.035260335	0.058452696
-0.03790993	0.006989411	-0.18303229	-0.07698866	-0.025819138	-0.046347234	0.06946555	0.074083224	-0.018632455	0.11817525	-0.096693665	0.01856515	-0.25450507	0.07721014	0.11530339	0.058241744	0.035323095	0.013563697	-0.041273713	-0.10909922	-0.09283132	-0.15408456	0.049677715	0.066420496	0.0071366667	0.00069201365	-0.11095295	0.10054474	0.015677	-0.104201905	-0.12223374	-0.0652147	0.1422927	0.078482814	0.15816557	-0.007612327	-0.026987907	-0.030221894	0.023940908	-0.07729202	-0.17680927	0.039758608	-0.12610973	-0.016317831	-0.0975854	0.043483254	-0.018496606	0.0898372	0.15719827	0.15851682	-0.07246099	-0.1581415	-0.051453963	0.0016718132	-0.09271222	-0.0035305794	-0.095508166	-0.012576993	-0.05438916	0.0828423	0.11808005	-0.081200205	0.11595399	-0.031247223	-0.14136821	-0.019519188	-0.07106078	0.06079686	0.14634994	-0.06701637	-0.13235904	-0.034567624	-0.13014027	0.028273046	-0.018267265	0.08439057	0.010202992	0.015373297	0.058176454	-0.11702355	-0.15952465	0.07472908	0.11040143	-0.06252069	0.10761354	0.0432319	0.14948684	0.046453398	-0.039592016	-0.013127305	-0.071988024	-0.00015755784	-0.00027570303	0.05335741	-0.019335238	-0.15843774	-0.046491943	0.028492887	-0.036827244	0.031829067
0.028989984	-0.048512287	-0.10126813	-0.015405518	-0.03510068	-0.054518603	-0.046415493	-0.021071374	-0.028096655	0.03323317	-0.13810442	0.14991154	-0.13603377	0.024920944	0.026895527	0.08611911	0.061240863	-0.05095111	0.007234652	-0.11882009	0.0154479705	-0.07903327	0.048019	0.044818934	0.0005881285	-0.0028065727	-0.088892035	-0.016622819	0.018416565	-0.03232518	-0.13161664	-0.062033445	0.09029646	0.13002783	0.072564855	0.061745733	-0.18855731	0.049969014	0.047816932	-0.10673421	-0.18307374	0.06007471	-0.15981421	-0.08231871	-0.15244173	-0.041759063	-0.1006089	0.11723323	-0.038914572	0.0465734	-0.019896593	0.029627057	0.02568978	-0.012980283	-0.04531366	0.021730388	-0.03045606	0.047003426	0.028603977	0.1355943	0.123394385	0.011543999	0.1318327	-0.030555794	-0.0480005	0.030388448	-0.064573154	0.06289143	0.12027831	-0.09713016	-0.05844139	-0.015477611	-0.092878826	0.008133244	-0.07870778	0.08704236	-0.003990433	0.01352904	-0.041096736	-0.14334483	-0.17607728	0.056021724	0.022899363	-0.06517461	0.079992294	0.23766452	0.10169264	0.0028796885	0.043950014	-0.029941443	-0.10262816	0.10420032	-0.042578004	0.10774906	0.00066280144	-0.15684514	0.009063822	0.17501828	0.04876158	-0.017813789
0.06495334	-0.050641716	-0.14121151	0.017479246	0.035947282	-0.028921783	-0.022984322	-0.12924883	0.004205506	0.07515064	-0.045454465	0.11030047	-0.13991137	0.041277472	0.13392559	0.05275069	0.11249922	-0.06547324	-0.010924814	-0.14897978	0.032158755	-0.06921915	0.01193827	0.050179593	0.01739928	-0.045018427	-0.08020822	0.009940065	0.02989111	0.06110672	-0.09987487	-0.019592477	0.13749927	0.119778246	0.17837356	0.018067524	-0.08389234	0.016855786	0.054913603	-0.0823359	-0.21605252	0.011253976	-0.15682244	-0.019916018	-0.14725037	-0.032033905	-0.035807543	0.07670091	0.113298215	0.1593647	-0.040795147	-0.06673014	-0.0084866835	-0.029237315	-0.09005283	-0.003174809	-0.08793198	-0.07900508	2.0332991e-05	0.17959546	0.08682322	-0.03549614	0.13492705	-0.015217378	-0.12368169	0.041321933	-0.039707873	0.14199175	0.07681257	-0.11178749	-0.13112961	-0.03598131	-0.1203821	0.03834802	-0.08904754	0.042314734	-0.02158647	0.02628943	0.012738833	-0.15101022	-0.217056	0.10212369	0.039147366	-0.086257845	0.09470416	0.16383709	0.05086049	0.016232556	0.056111466	0.0070992303	-0.099104725	0.06197047	-0.0376852	0.0430559	0.007156427	-0.09955226	-0.02702287	0.042422727	-0.039624084	0.014681367
0.028677212	-0.011123148	-0.16047177	-0.030057406	0.023790438	-0.012890855	-0.024553971	-0.008678042	0.09728442	0.0032491835	-0.011848146	0.16255313	-0.19303145	0.048566606	0.13131697	0.08824534	0.05986028	-0.079936184	-0.020140134	-0.16032234	-0.022985244	-0.104428776	-0.03225461	-0.0046958355	0.022539763	-0.04815105	-0.14410587	0.009463089	0.09359651	-0.012438509	-0.12408642	-0.052099675	0.13549858	0.19594483	0.08789773	0.105017744	-0.120003045	-0.01918303	0.10126174	-0.08184004	-0.2702214	0.037544344	-0.21887209	-0.122528106	-0.060579736	0.029219577	-0.05715286	0.15612288	0.044848356	0.10024432	0.056688607	-0.010674385	-0.027015377	0.031311132	-0.1257532	0.039281856	-0.07888232	0.04464925	0.015574113	0.10997058	0.09296509	-0.09708061	0.13645832	0.047991697	-0.05012548	0.07478673	-0.066017866	0.091890156	0.14534447	-0.15434633	-0.100959025	0.022938674	-0.08588717	0.06708861	-0.016336657	0.080038734	0.013755812	-0.0038421222	-0.018091789	-0.16962267	-0.17942424	0.034439307	0.03870646	-0.0074649006	0.04841928	0.16572103	0.098116614	-0.08898462	0.05318461	-0.037153404	-0.09555504	0.02337717	-0.10417856	0.05043528	-0.10010219	-0.11457619	0.046881985	0.052235354	-0.0101645235	-0.005447198
-0.08460576	-0.013523546	-0.12518498	-0.05933355	0.018112402	0.040169444	-0.0009956969	-0.10332802	-0.057493117	0.0147689	-0.08892257	0.13545206	-0.08208194	0.037628416	0.106111676	0.0650975	0.04798298	-0.036126412	0.10299211	0.012382391	-0.034509644	-0.041064378	0.0536388	-0.03127667	-0.024348967	-0.0102736065	-0.06727897	0.05338847	0.0011763402	0.020075558	-0.060512483	0.055835128	0.09275198	0.13546461	0.1937028	-0.016565738	-0.08770903	-0.0016584261	0.03713344	0.034640502	-0.13570304	-0.057574198	-0.016892781	-0.036486648	-0.07768018	-0.014813866	-0.0015803728	0.010147024	-0.038989346	0.010907512	-0.033538952	-0.011434274	0.051070627	-0.09498379	-0.052631374	0.04075869	-0.048266117	0.035964437	0.04356942	0.07192106	0.13717878	0.015657734	0.05388223	-0.0132240215	-0.15259336	-0.03818488	-0.055096358	0.0610818	0.10977329	-0.12573065	-0.1095219	-0.120282896	-0.07595779	0.031436455	-0.109074555	0.079113625	-0.050403465	-0.08783078	-0.08882378	0.0060264445	-0.23402442	0.043487687	0.04861806	-0.025087012	0.18340449	0.25069588	0.13515185	0.01770292	-0.03578533	-0.055284128	-0.10630273	0.11705607	-0.040606365	0.08918083	-0.035595752	-0.14312005	-0.065884	0.25322634	0.033972785	-0.034073833
0.032964878	-0.06275497	-0.07934335	-0.060157422	-0.04352764	0.012920454	-0.09011495	-0.06160809	0.014833793	-0.0014767885	-0.0865569	0.08984154	-0.13389951	-0.03229607	0.025187502	0.08770901	-0.0027619568	-0.1572466	0.032775883	-0.14928572	-0.055069935	-0.056150313	-0.0006483587	-0.057499956	0.0077497372	-0.0056799036	-0.10331643	-0.040744692	0.030318676	0.032233384	-0.088273235	-0.0612589	0.16754353	0.1437894	0.055191197	0.056722637	-0.11036025	0.1343169	0.11269305	0.0003446067	-0.21119462	0.02848595	-0.20321605	-0.16949405	-0.04030075	0.030360766	-0.05759629	0.14635824	-0.03125471	0.012651725	0.03339728	0.034217536	0.020953827	0.05706289	-0.03693371	0.0037328047	-0.03502508	0.06062672	-0.023590062	0.010123944	0.17748497	-0.067272775	0.053531736	-0.006415753	0.00011325379	0.0480506	-0.06451969	0.09921355	0.1024052	-0.1433932	-0.10185273	0.03528681	-0.01734302	0.064777344	-0.035913534	0.10293555	-0.015692052	-0.0048991027	-0.16566868	-0.08707692	-0.14967425	-0.010618389	0.009727591	-0.029506307	0.12137181	0.27233654	0.10399854	-0.0366598	0.00934383	-0.053729042	-0.08141205	0.07361484	-0.008975408	0.15993647	-0.062445335	-0.15960687	-0.04443929	0.19939795	0.06623475	-0.09259914
-0.073133454	0.002173657	-0.15533763	-0.055883113	0.016294004	-0.027269674	0.09036905	0.016029071	0.010309015	0.023782484	-0.17767358	0.14930792	-0.22060387	-0.027677407	0.18865442	0.011210185	-0.01171739	-0.055230934	-0.01048509	-0.14734967	-0.058926634	-0.09221254	0.025931276	0.08527485	-0.022479046	-0.045727402	-0.16863994	0.056921963	-0.069930494	-0.03471075	-0.15543324	-0.08296494	0.120462455	0.05658076	0.11136401	0.12790293	-0.123702124	-0.059398603	0.11756767	-0.16070679	-0.2927013	0.14487556	-0.12942976	0.013801884	-0.11416663	-0.059626497	-0.03451002	0.10602694	0.078345984	0.07293109	0.0012232858	-0.07011666	-0.0064993836	-0.043132365	-0.07870273	0.062113296	-0.07481623	0.07474471	-0.009915152	0.059613425	0.100964546	-0.103313826	0.112805285	-0.036934614	-0.15159076	0.018626919	-0.12018823	0.0764126	0.15050748	-0.15030801	-0.06619039	-0.03567393	-0.11725752	0.020216813	0.04365757	-0.031383153	0.06801902	0.10627212	-0.08212376	-0.085512355	-0.13242385	0.047378734	0.043217964	-0.032954305	0.112342864	0.16742034	0.06856591	-0.013249404	-0.06323112	0.05915466	-0.1336345	0.08295207	0.0017999377	0.033504512	-0.056102693	-0.1263522	-0.047939405	0.16927037	-0.013567475	0.03821649
-0.1246683	-0.050125666	-0.11490569	-0.04809459	-0.07485048	-0.049314294	-0.02389132	0.0070872786	-0.013617704	0.046099305	-0.027696168	0.09246025	-0.1126444	0.07640188	0.14259562	-0.009992329	0.11176479	-0.03415227	0.044306584	-0.1389577	-0.025496356	-0.09520034	0.06473767	0.021949505	0.045834016	-0.0056707324	-0.030043548	-0.009154097	0.06102229	-0.112492934	-0.13957885	-0.0300562	0.16304277	0.13355644	0.030302424	0.034911536	-0.10632424	0.07917144	0.008781056	-0.1312846	-0.22505943	0.043413986	-0.09547391	-0.13639788	-0.15945761	-0.054267228	-0.11313915	0.09793219	-0.017043673	0.058265314	-0.10496089	-0.1512945	-0.013828762	0.087744296	-0.14838804	-0.03139894	-0.078457676	0.057267807	-0.032977633	0.040373426	0.14942122	-0.021836177	0.17879826	-0.0044379807	-0.06393102	0.094932765	-0.0064829257	0.168236	0.14425945	-0.06175811	-0.13239723	-0.013222459	-0.09977455	0.024643693	-0.044406373	0.07507893	0.010517502	-0.005966073	0.064089864	-0.08500326	-0.13992447	0.12024832	-0.049063824	-0.05330578	0.10949422	0.15058364	0.11176695	-0.040866274	0.058935042	-0.040988177	-0.008062612	0.07267967	-0.071898356	0.023338707	0.014642153	-0.11609211	0.034421217	0.18966721	0.074958496	-0.07862516
-0.002603543	-0.016303698	-0.18574978	0.04363379	0.017485898	0.007829848	0.03781243	-0.08510982	0.021139085	-0.005145276	-0.06273735	0.14158015	-0.1206348	0.07886692	0.06806983	0.06642201	0.07636206	-0.060777124	0.0067345058	-0.13319242	-0.003061035	-0.10915059	0.015041217	0.09187465	0.056261014	-0.042177793	-0.11970416	0.05786483	0.083841525	-0.03533677	-0.0535378	-0.021945097	0.15642738	0.15707958	0.13434675	0.036439613	-0.12858352	0.038433213	0.0106440615	0.03288845	-0.23299763	-0.0101943	-0.14832835	-0.07627401	-0.1056895	0.03242727	-0.06808353	0.039601374	0.13367942	0.15574534	0.060326673	-0.016888414	0.027281038	-0.033109013	-0.13410982	0.07135441	-0.0325056	-0.0825976	-0.03511827	0.2027829	0.07603271	-0.074078426	0.20860596	0.017950365	-0.07827373	0.013585906	-0.04711643	0.13362268	0.034072243	-0.067847334	-0.09704784	-0.0054003764	-0.17611772	0.09912403	-0.07463682	0.025862515	-0.0540359	0.04855659	0.018384913	-0.17984001	-0.15815866	0.11146747	0.07346037	-0.024606291	0.027666887	0.10962128	0.13101713	-0.009841279	0.08643402	-0.076759756	-0.07917525	0.025230061	-0.07139208	0.044630285	0.01472211	-0.12416858	0.025617313	0.17121357	-0.05229863	0.01397746
-0.1458793	-0.05985172	-0.17154364	-0.06272049	-0.08313871	-0.0006659295	0.08970341	-0.023397634	-0.035613403	0.032753456	-0.15352099	0.08468314	-0.1621544	-0.010609025	0.105935656	0.007702302	0.03055088	-0.09006649	0.04552794	-0.093508184	-0.00034740494	-0.049551547	0.031110553	0.035524134	-0.07107061	-0.059371475	-0.118859194	0.055506635	-0.031444885	-0.0014478574	-0.115882255	-0.09344955	0.16527681	0.06874963	0.11080075	0.07753093	-0.10486107	0.042230953	0.03563015	-0.06446841	-0.2448818	0.06070557	-0.08757977	-0.049981665	-0.119478844	-0.025752664	-0.03264059	0.027909301	0.076664984	0.07151814	0.030569851	-0.04863834	0.065500796	-0.0359344	-0.07754788	0.08632023	-0.07991933	0.0033290905	-0.034921307	0.06317585	0.17092119	-0.042726368	0.078358464	-0.05181303	-0.09379034	-0.046406366	-0.093164526	0.119945765	0.062207576	-0.094929874	-0.09930022	-0.038350087	-0.095202595	0.047797635	-0.0333025	-0.019744381	0.0006875481	0.061922602	-0.09243644	-0.07292775	-0.18299752	0.081109695	0.023795672	-0.050772566	0.13599372	0.1849115	0.11888648	-0.046551112	0.023905521	-0.017775858	-0.07444161	0.07218915	-0.0077981795	0.036045898	-0.0046307985	-0.10342539	-0.05308987	0.14484362	-0.003585969	0.0039063697
-0.08911822	0.02410462	-0.09756457	-0.024921661	-0.04905052	-0.10156035	0.032880027	0.050328806	-0.011554063	0.06762589	-0.044118654	0.0728697	-0.11151692	0.063042454	0.08466035	0.030563919	0.086313255	0.020228995	0.014432187	-0.06747518	-0.06995936	-0.14583768	0.09568076	0.10020711	0.06480653	-0.00053319323	0.02826169	0.07822616	0.03421043	-0.118426315	-0.14688946	-0.08355744	0.13884088	0.10857292	0.1367464	-0.016101606	-0.027456312	0.0315991	0.004516276	-0.08155785	-0.19107187	0.013556151	-0.12007604	-0.098754674	-0.06383828	-0.011672514	-0.12001644	0.04120701	0.10007867	0.14127211	-0.09044184	-0.1973324	-0.0543726	0.09325121	-0.14274152	-0.027658358	-0.097074844	0.03262617	-0.021114897	0.07880989	0.073020965	-0.061145987	0.15949494	0.04424459	-0.08270655	0.07876921	-0.009097792	0.106948964	0.1304321	-0.04324453	-0.12015305	-0.010389931	-0.14916322	0.03312806	-0.022414636	0.04760909	-0.007824558	-0.037480574	0.12767027	-0.09075807	-0.094822235	0.09717441	0.016930005	-0.04356058	0.08664118	0.05971164	0.12057739	-0.009852869	0.02964548	-0.041453786	-0.012087574	0.039595343	-0.0823107	0.03198258	0.013233697	-0.15836403	0.031978264	0.16391173	0.047059596	-0.04052968
-0.022726582	-0.008166384	-0.10392262	-0.056994554	-0.011521247	-0.010672141	0.011586556	-0.037595578	0.020817302	0.048031073	-0.04979581	0.07555954	-0.16701664	0.024838934	0.12602086	0.07189129	0.058262307	-0.08926609	0.015045902	-0.18526374	-0.092023626	-0.11388576	-0.064008184	0.005023797	0.05961113	-0.007120863	-0.121857464	-0.024270412	0.049886625	-0.108790725	-0.14651202	-0.023798367	0.11326655	0.111362755	0.109648705	0.08162314	-0.028989647	0.08407942	0.057910427	-0.12084312	-0.28654718	0.072368234	-0.15144938	-0.092278995	-0.10233285	0.011987086	-0.05431253	0.17475821	0.005863712	0.07223994	-0.06754983	-0.09745774	-0.026545342	0.12320264	-0.076832294	-0.07288752	-0.09853641	0.1013488	-0.03931624	0.05864193	0.23572478	-0.026681647	0.1062595	0.0011376807	-0.08957559	0.06574367	-0.044703614	0.067493595	0.17984632	-0.11834862	-0.11837201	0.012226758	-0.101082176	0.04077518	0.016570203	0.06859466	0.10639927	0.0068040076	-0.011660239	-0.13195993	-0.12360077	0.06432367	0.004829908	-0.034962665	0.11659952	0.141735	0.061603386	-0.033687614	-0.009938803	-0.04065739	-0.09101563	0.035980385	-0.022255324	0.015517868	-0.057876214	-0.14689727	-0.05486718	0.20764251	0.042035844	-0.027053483
0.013847526	-0.05730599	-0.09506706	-0.020942507	-0.011496546	-0.023247942	-0.028660357	-0.018879639	-0.019731658	0.04483148	-0.09477045	0.10641306	-0.12670302	0.06871888	0.094138004	0.12276088	0.14257136	-0.035599004	0.024574343	-0.07691475	0.03690565	-0.010514075	0.07094219	0.034201875	0.06061962	0.0051568374	-0.066040464	0.06624935	0.120811254	-0.007053028	-0.1545858	-0.020637307	0.11644418	0.14795658	0.11893871	0.0011125556	-0.037876908	0.06085042	0.006358947	0.009792887	-0.13729627	-0.07653456	-0.18467973	-0.0660564	-0.10390451	0.017346036	-0.022136334	0.07634065	0.010325474	0.10190817	-0.042633582	0.05418715	-0.0050941273	0.0035005638	-0.08641607	-0.011051297	-0.04482539	-0.008648286	0.055273287	0.14383788	0.055298075	0.057762943	0.12696278	-0.026830185	-0.065337375	0.028762944	-0.015411439	0.03394103	0.08115656	-0.049078092	-0.115673535	-0.070915185	-0.15687203	0.020142853	-0.16679616	0.15257993	-0.053036913	-0.117767096	0.023654243	-0.19629034	-0.23150957	0.03915344	0.09955223	-0.079618245	0.056015432	0.20123406	0.11990862	0.0367595	0.0246007	-0.048835788	-0.07129324	0.037274726	-0.026244653	0.09384284	-0.040963937	-0.14305349	0.03941001	0.033175975	-0.015099198	0.05070696
0.046925567	-0.03201588	-0.15782224	-0.0043479977	-0.021712426	-0.028686335	-0.032404527	-0.035941366	-0.033794213	0.06642097	-0.066724315	0.09827891	-0.12319067	0.103072874	0.12952851	0.11762597	0.12694338	0.007515105	-0.0067748763	-0.124306686	-0.018883092	-0.11608423	0.06319496	0.04203472	0.059977934	-0.026703045	-0.011135716	0.04967434	0.11020418	-2.4320343e-05	-0.044449165	0.0041987034	0.1283732	0.09372203	0.12830901	-0.06334892	-0.05975508	0.06694023	0.006869961	-0.014532764	-0.14446099	-0.06834301	-0.13300379	-0.10392672	-0.08680848	-0.022597495	-0.0577656	0.053510036	0.0687343	0.08217144	-0.06514936	-0.06079088	-0.01764404	-0.03805892	-0.11857623	-0.03321476	-0.067635484	-0.079727046	-0.0020149164	0.14600718	0.065039635	0.013369283	0.16398013	0.0014895722	-0.06971947	0.04928891	-0.041073125	0.12615705	0.0910209	-0.03086523	-0.1256814	-0.025845272	-0.16678384	0.0026035504	-0.13237292	0.15095024	-0.08777576	-0.09773141	0.039993726	-0.17542668	-0.22373362	0.054060515	0.041551877	-0.07138212	0.076517195	0.16815883	0.12392197	0.03423658	0.030945657	-0.04168515	-0.020554513	0.08063061	-0.037294514	0.07369126	0.02028192	-0.13461232	0.0358619	0.0407112	-0.036762554	-0.019152593
-0.03014973	-0.04318657	-0.10233419	-0.028619068	-0.07848472	-0.049577534	0.034835633	-0.041703198	-0.10599887	0.11905289	-0.18304358	0.13136409	-0.13510074	0.019361533	0.032298	0.09116754	0.053004254	-0.038814936	0.03770448	-0.008334451	-0.06471002	-0.07675358	0.078160286	0.11189328	-0.013557984	0.013779965	-0.016209079	0.0073107122	0.016417885	-0.039946612	-0.094596274	-0.04369616	0.030098997	0.027859736	0.15580569	0.0066824784	-0.08152091	0.048281625	-0.0029320766	-0.07089789	-0.14924274	0.03997556	-0.071416326	-0.034315743	-0.057958905	0.009607805	-0.0768166	0.053774383	0.036125753	0.049790543	-0.05508444	-0.05259671	-0.00074877846	-0.0048403814	0.008330688	-0.032131154	-0.05680767	0.024497407	0.0114138285	0.14998493	0.16854538	0.017843617	0.056719318	0.016474437	-0.09489403	0.012936368	-0.066564605	0.06272243	0.11125026	-0.08649295	-0.09082934	-0.013278531	-0.14842883	0.038719412	-0.055647396	0.07496049	-0.040801093	-0.046043918	-0.03338143	-0.12455597	-0.17725663	0.023862787	0.025549896	-0.065971985	0.14470117	0.17675503	0.11247328	0.01816483	0.035012715	-0.048950236	-0.098436795	0.10142493	-0.043610472	0.09185347	0.028092312	-0.20935772	-0.054492775	0.16789481	-0.032994457	0.008468906
0.033259284	0.017204495	-0.087918006	-0.057561465	-0.05883736	-0.050889965	-0.07389441	-0.1523548	0.12398961	0.003980611	0.035958324	0.13937245	-0.074346185	0.045918405	0.1406315	0.084610425	0.05774398	-0.17110507	-0.0033525124	-0.19332777	-0.041302253	-0.12282742	-0.117366925	-0.1010821	-0.026476754	-0.12299672	-0.089478664	-0.026103772	0.0973696	-0.0038937316	-0.12773712	-0.026917232	0.18130115	0.12233201	0.082457826	0.09078346	-0.100207895	0.059502672	0.12738809	-0.059432227	-0.26886478	0.05857212	-0.23362482	-0.13127954	-0.07900308	3.162039e-05	-0.049720574	0.17834485	0.016366037	-0.0060244766	0.06747654	-0.07182788	-0.021218754	0.052247774	-0.08974615	0.055458196	-0.083979785	0.102250285	-0.029835029	0.0078619905	0.22823073	-0.07208643	0.07608934	0.007854254	-0.0878835	0.08511949	-0.09770198	0.08078563	0.1582913	-0.12574707	-0.11536121	-0.01590757	-0.026119323	0.047616128	0.025993776	0.04350398	0.050476816	-0.03184449	-0.093335055	-0.0603048	-0.13913472	-0.012880939	-0.02358558	0.0013752138	0.15117282	0.23682949	0.10931926	-0.14417772	-0.02869503	-0.073024936	-0.068975136	0.05360292	-0.101112284	0.06097804	-0.05648325	-0.14460711	-0.0034267064	0.2041133	0.012267414	-0.0700145
0.021594157	0.010348744	-0.13570711	-0.00035955798	0.060922667	0.038209446	0.0096635865	-0.02454979	0.058003753	0.029758772	-0.0045688497	0.14142863	-0.20384052	0.06520793	0.1378688	0.111336306	0.046226814	-0.06387704	-0.096863456	-0.20232277	-0.07411366	-0.12975067	-0.01670602	-0.011876744	0.056096967	-0.07818929	-0.13621446	0.029717082	0.062385593	-0.010266991	-0.076980755	-0.047244683	0.15021494	0.15289195	0.15124665	0.0746239	-0.104881525	-0.03409865	0.11727315	-0.06203203	-0.2821136	0.022285074	-0.16671905	-0.08228113	-0.1036178	-0.028782293	-0.043337815	0.14760935	0.13592982	0.14694983	0.077164225	-0.020586124	-2.5247882e-05	-0.05600281	-0.13832079	0.06683575	-0.0677249	-0.040228352	-0.0145852575	0.11899793	0.08841182	-0.14401948	0.15603468	0.0035321428	-0.13714287	0.0577645	-0.025251439	0.06682912	0.13475007	-0.077031545	-0.0741956	0.009931683	-0.09514839	0.04135062	-0.06462314	0.09182728	-0.030901557	0.029246183	-0.05314022	-0.14735523	-0.17728043	0.041517254	0.09532985	-0.08308332	0.064167514	0.14038642	0.07584327	0.0021349606	0.007405332	-0.054423936	-0.066053905	0.020369241	-0.01669009	0.046479654	-0.054942153	-0.09785889	-0.021252355	0.025413096	-0.01724772	0.007752158
0.049444024	-0.045694225	-0.07184499	-0.06559014	-0.119748764	-0.07952277	-0.01207164	-0.023641855	-0.012373363	0.13362752	-0.062124796	0.09106782	-0.19080679	0.026762972	0.005260512	0.10539999	0.08319506	-0.05226484	0.019507922	-0.057255916	-0.08784373	-0.08614776	0.057862718	0.03762277	0.028099243	-0.017422386	-0.024639139	0.04633341	0.09460048	-0.049482696	-0.14833227	-0.04208115	0.06377933	0.16296823	0.15538451	0.034795217	-0.0322694	0.016042164	0.037418846	-0.044299588	-0.20925751	0.028367389	-0.09221369	-0.077796355	-0.107144	0.061917238	-0.0627163	0.1451725	-0.03126882	0.09133124	-0.025196735	-0.04162803	0.016585108	0.036881715	-0.06730041	-0.014107671	-0.05942589	0.0005091411	0.019507635	0.1869894	0.16074468	-0.0017672242	0.12159156	0.08795455	-0.065921836	0.082080916	-0.018348794	0.041374154	0.10727984	-0.059255686	-0.075906135	0.010476883	-0.107343756	0.04664662	-0.05969409	0.11074664	-0.06447948	-0.07976349	0.05430163	-0.1534757	-0.18505411	0.03399584	0.08014916	-0.063540146	0.051530633	0.121889874	0.062518716	-0.035848267	0.07372201	-0.10712046	-0.12305546	0.05396086	-0.055669233	0.074133605	-0.03498533	-0.16261026	-0.046310853	0.05331297	0.03893117	0.030939693
0.065456875	-0.038731944	-0.1296294	-0.06792746	-0.020610454	-0.030521253	-0.093909614	-0.0549532	0.04718937	0.070482105	-0.028178899	0.14288536	-0.1574839	0.0032123998	0.11147906	0.11797091	0.10260151	-0.11245905	0.028318752	-0.18217376	-0.080819726	-0.11820307	0.036849603	-0.019334896	0.0352027	-0.06569586	-0.087510034	-0.018410316	0.03471529	0.0554832	-0.13559087	-0.0281886	0.11001745	0.18064745	0.09265671	0.09222636	-0.061583936	-0.01527671	0.10812988	-0.1665626	-0.30267072	0.08353053	-0.19117118	-0.113222875	-0.10786348	0.02259624	-0.027784681	0.18456718	0.00056735583	0.07416455	-0.07239049	-0.048938803	-0.012688269	0.04597688	-0.15673672	-0.007540859	-0.074184336	-0.0060314545	0.001162905	0.09111452	0.12771453	-0.07344269	0.12822267	0.061860964	-0.049444396	0.055344533	-0.04903703	0.14458829	0.091102734	-0.1391822	-0.106249295	0.062152598	-0.0584304	0.026846463	-0.0031095068	0.059084743	-0.00069720804	0.021529377	-0.021896815	-0.16356218	-0.17156081	0.04851958	0.047649667	-0.062183153	0.0729073	0.21773735	0.017422799	-0.07623166	0.051081687	0.03928636	-0.12514542	0.11544407	-0.053569682	0.06484342	-0.1336212	-0.09209634	-0.007336117	0.0115240095	0.06527042	0.03608953
-0.0006356072	0.011387218	-0.06868665	-0.08158215	-0.008595183	0.012583788	-0.06867523	-0.014313784	-0.028980615	0.041050367	-0.06395124	0.0710363	-0.116093904	0.014362257	0.09702442	0.13990572	0.065159015	0.00064697483	0.040786877	-0.08281076	-0.07669461	-0.098949246	0.12224665	0.010590807	0.047667306	-0.05077373	-0.07319365	0.05650316	0.0656444	-0.007867917	-0.08431427	0.04978656	0.09184534	0.15786284	0.10164568	0.05572753	-0.08464507	0.009464803	0.025011018	0.0135858115	-0.17666906	-0.037980195	-0.08961019	-0.09007299	-0.08449619	0.01829079	-0.016716516	0.08109723	-0.015544989	0.09999813	-0.07545931	-0.00043356285	-0.007613223	-0.0137831615	-0.12552553	0.027661437	-0.040700424	-0.011779395	0.050362952	0.123526394	0.06643786	-0.041997205	0.12276267	0.060465936	-0.088868745	0.043660097	-0.024819255	0.07212495	0.100952424	-0.08322518	-0.11891785	-0.028417587	-0.080928095	-0.014605281	-0.12771402	0.18006955	-0.08835463	-0.060231626	-0.04415569	-0.12510887	-0.2288736	0.015860025	0.054611053	-0.03851527	0.08650199	0.2014438	0.09802112	-0.00011068587	-0.0021102068	-0.05767042	-0.08786461	0.08931673	-0.042580795	0.099712476	-0.05043111	-0.14079769	-0.01625395	0.12050658	0.08173639	-0.0047811107
-0.018055608	-0.06059889	-0.075077526	-0.013458552	-0.006990467	-0.041591253	0.0039103166	0.011218582	-0.070941016	0.11568135	-0.16395348	0.12347752	-0.21077749	-0.022326427	0.08793386	-0.0113560185	0.019934352	-0.05667399	-0.005391501	-0.06965017	-0.08578991	0.020684302	0.078327924	0.062027805	0.02335582	0.076650724	-0.057843756	0.03376525	0.018142005	-0.01420618	-0.18159609	-0.11436205	0.1316103	0.13151056	0.23898053	-0.051734515	-0.0062525948	0.019813215	0.14241856	-0.031121418	-0.12422754	-0.046368778	-0.2838451	-0.021126641	-0.0052253306	0.053689312	-0.08636923	0.09004823	0.0625269	0.14481227	0.021000013	-0.05666135	-0.024773428	0.027987052	-0.0058176783	-0.066408664	-0.03763507	0.05595118	0.004688214	0.079202	0.083966084	-0.0996742	0.08341622	0.013865289	-0.05487345	0.113805406	-0.034650385	-0.029154388	0.15412733	-0.075013526	-0.099035576	-0.033893347	-0.09260605	0.010614879	-0.056872234	0.113777734	0.028786363	-0.020092547	0.035912275	-0.100582935	-0.14343695	0.060535263	0.09251333	-0.091682695	0.046776526	0.06190788	0.07155206	0.085083835	-0.02632846	0.032758847	-0.062052064	-0.0072120414	0.014232144	0.04756712	-0.043469653	-0.17248012	-0.028178945	-0.006406233	-0.006224775	0.04875172
0.06715998	-0.015512774	-0.062904425	0.009019382	-0.040466547	-0.06320531	0.014632821	-0.048302565	0.012443857	0.12108968	-0.050425455	0.07864578	-0.2064783	0.033547398	0.05030517	0.05330683	0.04102282	-0.12824596	-0.042774685	-0.16834459	-0.08618972	-0.09049234	0.019683043	0.051679444	0.02938983	-0.0018601194	-0.04267181	0.0010028052	0.048756637	-0.050523	-0.15142952	-0.15934524	0.12356724	0.09713472	0.1404682	0.052626625	-0.039907143	0.0154074365	0.11048848	-0.17949373	-0.26000437	0.12267502	-0.16174023	-0.10063127	-0.08947872	0.024486436	-0.067839436	0.1418818	0.056098726	0.071046196	0.0065301065	-0.07467605	-0.0012178655	0.050529875	-0.109293416	-0.006883988	-0.03780583	-0.011560087	-0.017784266	0.07611804	0.14371502	-0.073322326	0.105038606	0.01965689	-0.129223	0.09041888	0.029564483	0.10622866	0.098214194	-0.047700137	-0.10816013	0.037660442	-0.15305217	0.031153098	-0.047612853	0.041131277	-0.0449005	0.017786166	0.027437104	-0.15943725	-0.15916318	0.09503674	0.10023065	-0.18082464	0.12369802	0.12880872	0.044315234	0.005924887	0.0830318	0.028931484	-0.09287943	0.08782209	-0.0023883912	0.07806675	-0.074317165	-0.14522213	-0.039936636	-0.009576563	0.037149146	0.023943596
-0.023722673	-0.02394966	-0.06297318	-0.035110284	-0.038754974	-0.05252442	-0.062163062	0.016927533	-0.030283207	0.066578336	-0.12455473	0.12694418	-0.12885866	0.036418863	0.09022385	0.12569606	0.08784253	-0.05970327	0.029294796	-0.0349011	0.027330983	-0.016558751	0.11645806	0.027113738	-0.040126864	-0.0028249354	-0.06720383	0.038707595	0.064750716	0.03366387	-0.13049579	-0.075046815	0.14781097	0.10190084	0.0913574	0.011891219	-0.12776893	0.01033425	0.050673105	-0.023549851	-0.10080096	-0.017143473	-0.19460963	-0.08890869	-0.070793785	0.019937165	-0.010917586	0.06767432	0.061484296	0.0945048	0.017877173	0.02096663	-0.028769424	-0.026094751	-0.08421636	0.07724586	-0.05431593	0.008302308	0.04521279	0.057478026	0.05358254	-0.0045095934	0.06922332	-0.052543513	-0.08965238	-0.004330111	-0.044366736	0.039226018	0.08682627	-0.09859228	-0.088001676	-0.07265341	-0.10043073	0.012305184	-0.11364347	0.13432528	-0.061903074	-0.073323786	-0.09305804	-0.08767715	-0.18568817	-0.043109987	0.060241077	-0.06473531	0.11599325	0.24565691	0.1556332	0.017140744	0.003486708	-0.020852579	-0.046103887	0.0444086	-0.027960623	0.14364937	-0.023837186	-0.1499949	0.052327283	0.0348687	-0.052237593	0.024577033
0.10716119	-0.042598836	-0.07761956	0.011482187	-0.025842726	-0.10806998	0.000647658	0.019763147	0.061269313	0.02402898	-0.067885794	0.038725838	-0.19783981	-0.0036707313	0.0210492	0.032024857	0.06990751	-0.07891797	-0.047344007	-0.13089345	0.024119738	-0.06707229	0.024795815	0.042509705	0.029351372	-0.039043598	-0.08763776	0.048752304	-0.016883986	0.032771677	-0.12868972	-0.14123565	0.10730695	0.15092917	0.06709114	0.082337834	-0.0393893	0.032988206	0.08422726	-0.084983304	-0.2964452	0.07779608	-0.112607926	-0.102045335	-0.09170362	-0.029218974	-0.039557904	0.10179519	0.099415705	0.17922488	0.058655575	-0.08302211	0.0320802	0.07825127	-0.16769555	0.048275203	-0.12673022	-0.072240196	-0.01490387	0.09111187	0.052982017	-0.053435124	0.14963762	0.0288178	-0.027342292	0.035057176	-0.015900163	0.19019635	0.018274875	-0.08650595	-0.060355302	0.025057547	-0.13238034	0.083075345	-0.06567048	0.0004632289	-0.02805533	-0.021904906	-0.0066011786	-0.13254069	-0.13003564	0.100975946	0.0747966	-0.093665965	0.09206963	0.22298463	0.03312703	-0.03200983	0.08272578	0.0023640357	-0.119632505	0.112371415	-0.00023050712	0.13037132	-0.079760425	-0.13769373	0.00636742	0.08173119	0.022779042	0.046201345
-0.076607935	-0.028506156	-0.13982545	-0.091527104	-0.11004414	-0.0039083264	0.11383393	-0.0614632	0.026619395	-0.010852918	-0.11319017	0.04672955	-0.06267298	-0.036438007	0.10791984	0.06661688	0.037081365	-0.09103963	0.07908642	-0.100038014	0.013356624	-0.066143036	-0.029031983	0.07506562	-0.08515816	-0.104122326	-0.09458734	0.08163354	0.029225633	-0.0016576105	-0.10139645	-0.045128543	0.12536687	-0.0002725013	0.117330484	0.093437776	-0.036806643	0.042253755	-0.01975148	-0.04883498	-0.22667061	0.0911071	-0.08848442	0.019698497	-0.1349578	0.014037657	0.021778159	0.039654393	0.07612134	0.03427205	0.0074882	0.0042899116	0.049044576	-0.033703156	-0.030791452	0.046378195	-0.043960486	-0.022630464	-0.046091616	0.14823881	0.19746128	0.025671484	0.06286926	-0.038312856	-0.13468918	0.024786772	-0.083697125	0.054050986	0.054888923	-0.111402944	-0.12418275	-0.07520002	-0.13844192	0.07172173	-0.0014874638	-0.0070530586	-0.012223724	0.007195729	-0.11284336	-0.10732295	-0.18963595	0.01066876	0.046072673	0.010115149	0.17958683	0.2490036	0.085874334	-0.07988183	-0.057267413	-0.04883837	-0.1798103	0.089489356	-0.05194057	0.063517794	0.037985902	-0.13971804	-0.0715671	0.24858633	-0.002450726	-0.000263961
-0.20010464	-0.080909885	-0.16254626	-0.06466381	-0.055151746	-0.004487276	0.08534866	0.12690772	-0.12762089	0.16879651	-0.16879769	0.11370443	-0.18573423	0.035247676	0.09209731	-0.007866272	0.07057801	0.04815221	0.037974685	0.013763605	-0.11668924	-0.034396667	0.13953261	0.10883908	0.008203586	0.052374344	-0.02791938	0.06199218	0.019986356	-0.07909393	-0.11050428	-0.036121763	0.12386833	0.0902907	0.20049712	-0.1291889	-0.034549415	-0.0027037521	0.006342478	-0.014603143	-0.077478744	-0.044266988	-0.10734908	0.010630409	-0.1278631	0.025952162	-0.07797014	0.030340176	0.11389079	0.15361868	-0.08523099	-0.16673337	-0.015273925	0.010503208	-0.05854754	-0.053402428	-0.06950583	-0.039968867	-0.06109055	0.095999435	0.114033	-0.049527984	0.12675875	-0.004642486	-0.09858326	0.038297325	-0.024673423	0.08127237	0.1308203	-0.06390859	-0.07774139	-0.077225894	-0.057536915	0.04594536	0.0004785604	0.040637437	-0.00095147523	-0.019199215	0.03215639	0.013871598	-0.06040463	0.045778982	0.024249334	-0.012465289	0.08586863	0.08996685	0.093247905	0.05351704	-0.0004992388	-0.015353986	-0.02357314	0.034816362	-0.04878528	0.019745752	0.089056544	-0.11397098	-0.04793406	0.1890791	-0.059052765	-0.0029345967
-0.06574545	-0.010162475	-0.10109133	-0.035018362	-0.07104364	0.007858465	0.0021908064	-0.031170506	0.04599154	0.036449637	0.014900452	0.121940106	-0.06396324	0.06729915	0.10407169	0.037452534	0.07157662	-0.0807248	0.021149747	-0.15293203	-0.08013779	-0.056192502	-0.013853765	-0.027177792	-0.012151147	-0.044263422	-0.06420674	0.032483105	0.13758212	-0.09000463	-0.093213186	-0.030549807	0.15604864	0.1376364	0.13265862	0.008193105	-0.0637089	-0.043652434	0.09047214	-0.09105551	-0.1652745	0.030075308	-0.19118822	-0.07090562	-0.12778208	0.04935712	-0.058974706	0.09058915	-0.0040546227	0.011328385	0.065952785	0.0038165487	0.042849813	-0.050159946	-0.12533967	0.055361632	0.041298214	-0.006825721	-0.031998903	0.081343085	0.124676205	-0.0679807	0.15175547	0.019608593	-0.107151315	0.129843	0.0074946233	0.022523688	0.11463252	-0.026597515	-0.09506457	-0.051934313	-0.11394435	0.016967071	-0.06481014	0.10180071	-0.093257055	-0.052207198	0.004540336	-0.09451767	-0.1920518	0.065593675	0.12654431	-0.09191014	0.11150515	0.19947967	0.10721509	-0.027251374	-0.03164475	-0.03172219	-0.105837524	0.08229607	-0.075316384	0.06456947	-0.034846026	-0.16084267	0.020938307	0.03276248	0.068080105	0.021775257
-0.08446738	-0.052735183	-0.16145839	-0.06950531	-0.1359992	-0.06260974	0.01681344	-0.0029970545	-0.067650475	0.110425934	-0.124617	0.099864006	-0.06403775	-0.013940452	-0.0132484315	0.0077291694	0.043730237	-0.020824961	0.08077502	0.03572795	-0.02321059	-0.04037707	0.059688922	0.0046557565	-0.09516124	-0.029940262	0.03405079	0.07193483	-0.019334104	0.05336979	-0.07628978	-0.08874353	0.1569234	0.107602485	0.21208672	-0.0795094	-0.05944162	0.009895095	0.03806122	-0.0043526287	-0.09191182	-0.023269834	-0.1674363	-0.046392977	-0.09426745	0.040639758	-0.07644672	-0.0011238281	0.010055385	0.042544972	-0.009226745	-0.05147814	0.06997025	-0.08359618	-0.018107718	0.055235468	-0.028847992	-0.017497357	-0.03662896	0.09730764	0.120811604	-0.001357003	0.049463764	0.026778763	-0.04360712	0.0055863103	-0.12839963	0.08085781	0.09755478	-0.10286673	-0.09857983	-0.05080611	-0.03712512	0.044786196	-0.017979277	0.03354806	-0.060463097	-0.06352712	-0.0056172432	-0.03809552	-0.18456703	0.07039865	0.04699672	-0.012992809	0.10759005	0.2314973	0.14420874	-0.0576347	0.01789807	-0.017440138	-0.08440636	0.11468611	-0.088691644	0.08435965	0.033085693	-0.13778493	-0.025934814	0.10433943	0.016936965	-0.018227141
-0.017078392	-0.011338456	-0.09964295	-0.03275509	-0.06681005	-0.039364286	0.011302726	0.03912551	-0.043461435	0.052083682	-0.12773857	0.080785975	-0.13176572	-0.019149255	-0.030937621	0.07189923	6.280404e-05	-0.013513188	0.024862811	0.013326016	-0.03985347	-0.07758919	0.07136497	0.022012448	-0.09087299	-0.008479701	-0.028397799	0.05017586	-0.056178335	0.037011333	-0.07058885	-0.110040404	0.07805265	0.08608586	0.13886935	-0.026049467	-0.07148018	-0.009005992	0.047626343	-0.011602821	-0.10146392	-0.025119843	-0.1251185	-0.072637685	0.0025060647	0.024738068	-0.05698764	0.015468864	0.14367013	0.13767718	0.054209113	-0.0949529	0.016050093	-0.027959926	-0.0409933	0.046411887	-0.10053485	-0.04037115	-0.04175085	0.098655105	0.12559757	-0.08279225	0.06739387	0.010926154	-0.04440884	-0.0017501202	-0.038284563	0.012973156	0.09879346	-0.07819518	-0.102535285	-0.028723117	-0.054744415	0.027604124	-0.06988544	0.1082499	-0.03645528	-0.031893812	-0.06119681	-0.036523584	-0.17402793	0.044241343	0.080569774	-0.04661244	0.17165701	0.15259518	0.13959737	0.028790822	-0.03778287	-0.04576912	-0.0834443	0.04748201	-0.02973223	0.12701109	-0.014284866	-0.2145199	-0.019317498	0.07695314	0.03480492	-0.019930398
0.12508854	-0.012175632	-0.05671623	0.0033709886	0.04493219	-0.020843098	-0.045158528	-0.07393706	0.060845982	0.019953266	-0.029230667	0.03326175	-0.19972984	0.0010044053	0.10894871	0.031777535	0.03182482	-0.0742308	-0.10357139	-0.19034031	0.0174081	-0.05180507	-0.008712673	0.008335051	0.040559426	-0.041500557	-0.103392445	0.028585993	0.022706814	0.022526298	-0.13851684	-0.09073488	0.12294131	0.15032831	0.09849495	0.099560134	-0.070600115	0.012508246	0.13661788	-0.10274027	-0.24823806	0.02148915	-0.18513337	-0.06945988	-0.044541158	-0.048209872	-0.07258619	0.05964337	0.027803885	0.12279729	0.049230453	0.008857789	0.017359298	0.009030982	-0.12945352	0.055700768	-0.072623074	0.005154819	0.10516037	0.07077049	0.002899139	-0.099882	0.089640774	0.032766826	-0.04288527	0.09278442	0.015900765	0.10060129	0.095837414	-0.084104784	-0.14010572	-0.008697037	-0.08316386	-0.060772695	-0.18357389	0.11217496	-0.08779969	-0.01696204	-0.018767856	-0.12774143	-0.2855929	0.10328553	0.08703536	-0.1702987	0.1441592	0.21081911	0.05323508	0.00022862872	0.021405458	0.045846216	-0.116235584	0.111516304	0.01192867	0.112889566	-0.14365892	-0.18362585	0.005489917	-0.038185317	0.1255467	0.03573609
-0.11957238	-0.04029593	-0.12120954	-0.09946413	-0.039909996	-0.062212784	0.026416125	0.038957242	-0.032581728	0.045525484	-0.13809913	0.05332194	-0.22059736	-0.060932506	0.20194145	-0.018450122	0.028164187	-0.080186926	0.14060576	-0.08864522	-0.037650477	-0.003791819	0.19695526	0.098227896	-0.07766748	0.03195293	-0.10851563	0.12172633	0.07767155	0.018756174	-0.22096926	-0.13426022	0.21021011	0.16308291	0.25188336	-0.022568678	0.03513301	-0.0074522733	0.09085225	0.021537008	-0.12314289	-0.09018221	-0.28143382	-0.0748531	0.052257862	0.1416515	0.012720844	0.013451277	0.13063723	0.20622836	0.017066123	-0.113504395	-0.07002317	0.108454995	-0.09136438	-0.059165455	-0.05882651	0.03362727	0.0027494482	0.04595175	0.06445873	-0.14530435	0.029745901	0.037968185	-0.0698068	0.052079286	0.0077794734	0.016548386	0.016950674	-0.09792734	-0.16408819	-0.06553074	-0.10093435	0.040060885	-0.050200224	0.086870685	0.029222876	0.0154853035	0.043087885	-0.06909224	-0.14929873	0.058624893	0.0451132	-0.04777201	0.07370532	-0.05052213	0.08543297	0.016552271	0.010002346	0.05945651	-0.057818666	-0.07577662	-0.066960916	0.009455706	-0.031160451	-0.06684735	0.009178935	-0.07735582	0.032491267	0.00089429744
-0.06118238	-0.055735182	-0.07992846	-0.040761992	-0.075835854	0.008837519	-0.017524319	0.012045009	-0.042763107	-0.012174637	-0.08242293	0.16560252	-0.004234646	-0.015768938	0.0041964585	0.065036625	0.041988045	0.030687395	0.084368855	0.039943326	-0.028112503	-0.023830047	0.14051327	0.050460607	0.012219328	-0.015828447	0.096127726	0.08402018	0.036482036	0.045955744	-0.08987551	-0.050118625	0.12892592	0.13939956	0.16517808	-0.080048196	-0.035693776	0.02494134	0.031415336	0.04123509	-0.09512586	-0.13940458	-0.14825234	-0.10840787	-0.01732331	-0.0013865788	-0.124691665	0.0018543692	0.017161515	0.060593095	-0.0056443764	-0.0069948244	0.029348375	-0.030781673	-0.05848434	-0.024070153	-0.015321592	-0.048899963	0.02013919	0.20522074	0.06015429	-0.03864876	0.16016307	0.08922701	-0.005638874	0.13580573	0.030927278	-0.011817953	0.079690464	-0.024455298	-0.11761356	-0.021231154	-0.09276133	-0.007914052	-0.10922778	0.13196069	-0.14377639	-0.078581676	0.025419075	-0.10604666	-0.22717282	0.023443472	0.07067995	-0.020940084	0.07795278	0.13165931	0.09940849	-0.0102961585	-0.009456469	-0.07839522	-0.07078605	0.05124355	-0.105437025	0.08283011	0.002421219	-0.15769927	0.029811172	0.10090438	0.11905502	-0.059786078
-0.026632605	-0.060629923	-0.015375408	-0.12182279	-0.13731688	-0.049881123	-0.12945707	0.053983852	-0.12393697	0.11013958	-0.16356993	0.1204104	-0.09824327	-0.0069120144	0.042677976	0.125413	0.073512875	0.036201306	0.05237128	-0.017884525	-0.06328684	-0.06225426	0.2326162	0.017321007	0.036682043	0.008874961	0.07082464	0.03301206	0.020653805	0.0062769833	-0.107812434	0.0039338265	0.10149248	0.08913389	0.054354563	-0.03108434	-0.065432414	0.09347367	0.023918824	0.02305592	-0.027636284	-0.09842473	-0.11537841	-0.098018855	-0.10598101	-0.04614608	-0.042160954	0.08370071	-0.06345147	0.073519506	-0.10085405	-0.06578995	-0.022356488	-0.0050106174	-0.09992589	-0.04051329	-0.017780218	-0.043022603	0.008823664	0.081002794	0.04729204	0.014750026	0.114104114	0.039497152	-0.06629012	0.053076934	-0.029084397	0.05397576	0.092154585	0.003010353	-0.09763239	-0.040217154	-0.04027266	-0.11009617	-0.18388951	0.23989837	-0.10443244	-0.09701069	-0.009037258	-0.08866281	-0.19894038	0.012234628	-0.035027586	-0.06229348	0.096372366	0.18447216	0.10489911	0.01956979	-0.032934386	-0.058082737	-0.03896839	0.11354381	-0.023675367	0.1437441	0.008860213	-0.15881746	0.011056636	0.097816885	0.08886466	-0.029887782
-0.05030048	-0.049951695	-0.12342774	-0.054362517	-0.07570652	-0.001468945	0.055284217	0.008171713	-0.05084912	0.057269588	-0.12850443	0.11781074	-0.11722369	0.0065520676	-0.052762844	0.122398786	0.04864619	-0.03946773	0.049960285	-0.035159733	-0.11687177	-0.12974578	0.10133836	0.073587716	0.007459911	-0.0042642937	-8.122082e-05	0.04965788	-0.0027354544	-0.042678583	-0.06376236	-0.05340596	0.05959036	0.11016917	0.1691305	-0.0026892347	-0.04768904	0.01576637	0.021029523	-0.052221246	-0.16060458	0.05287552	-0.057358917	-0.059094913	-0.09688101	0.006959159	-0.0715088	0.04444025	0.04717947	0.062088408	-0.047283705	-0.033204377	0.039344292	-0.022960577	-0.088491425	-0.014513318	-0.020623177	-0.04019157	0.0003049053	0.12925549	0.103975885	-0.051702533	0.084333085	0.037980083	-0.10395125	-0.0041603195	-0.0075910846	0.084951594	0.04589568	-0.05751374	-0.076501064	-0.024963003	-0.10864019	0.044485074	-0.0589749	0.01729624	-0.10176325	-0.035828307	-0.031341936	-0.09578652	-0.13380845	0.05227952	0.09128103	-0.08584188	0.13693681	0.17968407	0.076484025	0.026678665	0.016402148	-0.03711169	-0.12806222	0.142496	-0.060057957	0.13114808	-0.009191006	-0.16292796	-0.06827368	0.16583619	0.07409147	-0.013083948
-0.009721286	-0.0892834	-0.06777686	-0.06717101	-0.078969195	-0.027061742	-0.054423932	-0.058594044	-0.058160067	0.007986726	-0.19316868	0.11440531	-0.05555639	-0.046586685	0.006633701	0.08762433	0.08715599	-0.10314723	0.11598798	-0.032824073	0.0030450467	0.010806684	0.11658423	0.0077169044	-0.064397074	-0.021404676	-0.06827952	0.02278456	-0.025460644	0.07115978	-0.13736151	-0.053315643	0.04003221	0.080268964	0.043187052	0.09582469	-0.05146448	0.065897025	0.0064304816	-0.020533394	-0.1085975	0.037493613	-0.12813023	-0.018184043	-0.09829616	0.028469266	0.04466468	0.06268654	0.028320668	0.08441284	-0.026105087	0.011810533	0.0360456	0.008119192	-0.061605368	0.004395372	-0.026466487	-0.036127564	-0.03125061	0.10132315	0.14969364	0.006782326	0.07271625	-0.022917371	-0.082382865	-0.03111409	-0.06266829	0.110777155	-0.026927326	-0.06747821	-0.15273233	-0.07318318	-0.111210234	0.063232616	-0.10335712	0.057560146	-0.027210353	-0.042623546	-0.072608046	-0.15186681	-0.19128175	0.10418921	0.07372168	-0.07034176	0.16501492	0.2671663	0.10206814	0.015233546	-0.020713007	0.017027881	-0.14888029	0.12955394	-0.053526666	0.16209474	-0.02746741	-0.1721463	-0.02781704	0.14386572	0.028028756	0.05016103
-0.050969712	-0.023534704	-0.14787512	-0.0141213285	-0.013339884	0.06160957	0.029567737	-0.0008344851	0.0054982607	0.041135147	-0.06277009	0.11501569	-0.058329307	-0.03313023	-0.012710667	0.025617402	0.0048289206	-0.03228917	-0.024856485	-0.010577095	-0.10521527	-0.077941984	0.039824065	0.023063371	0.017575994	-0.063839644	0.039456557	0.056547835	-0.059792433	0.103697255	0.0032302183	-0.0640289	0.1416886	0.10258182	0.16336131	-0.09204839	0.037258938	0.023464916	0.07260142	0.06552219	-0.12642998	-0.07508847	-0.18460542	-0.048676617	0.002731704	-0.003657729	-0.091452345	-0.03780445	0.17813654	0.14225605	0.039546624	-0.10527203	0.037550896	-0.039728086	-0.11130497	0.03969091	-0.042482324	-0.13565665	-0.076111436	0.038958244	0.0012467223	-0.16582659	0.08162309	0.08768755	-0.019854568	0.093504794	-0.012138747	0.13594751	0.08466161	-0.08094719	-0.119490646	-0.011285689	0.026362203	0.055723798	-0.05244277	0.040333346	-0.102415144	-0.035040785	-0.07852785	0.018149437	-0.0922076	0.060056582	0.047805335	-0.014148974	0.16985092	0.25624192	0.07054181	-0.029254625	-0.037129868	0.010307946	-0.07485661	0.1434982	-0.05991188	0.12472154	-0.027677989	-0.16470502	-0.017557785	0.18812607	0.043623444	-0.04295756
-0.0075131305	-0.05348938	-0.16076495	-0.0020843	-0.030278374	0.0107913865	0.09685	0.0063244975	-0.00042971174	0.019702986	-0.08416177	0.14878899	-0.0578261	-0.015776975	-0.018389964	0.11092131	0.026102608	-0.024875548	-0.04825801	-0.0119300485	0.016340967	-0.13127474	0.0423028	0.14117302	0.020346688	-0.06896262	0.10440951	0.033218868	-0.016094318	0.107095525	-0.024995167	-0.12451803	0.09684026	0.05342988	0.17342673	-0.0339031	-0.0013938759	0.080191985	-0.014306223	-0.0574927	-0.1983569	-0.019238671	-0.17818004	-0.06573348	-0.013279798	-0.073190905	-0.10679323	0.03299787	0.2096408	0.11421318	-0.017867284	-0.04614207	-0.02269982	0.0074608685	-0.044807322	-0.046454523	-0.0682061	-0.10322532	-0.044757508	0.16620915	0.044187073	-0.05122155	0.03728317	0.028738106	-0.06795272	0.072942354	-0.007730711	0.08384053	0.07992412	-0.08787205	-0.088175885	0.06291136	-0.08176716	0.0836165	-0.056993887	0.017372392	-0.06551751	-0.011887852	-0.045013674	-0.1450595	-0.11496927	0.0059575723	0.008332065	-0.05836078	0.15558118	0.21954225	0.047919825	-0.07212276	0.07189163	-0.042103093	-0.11123253	0.10695202	-0.09914976	0.102959976	0.042747065	-0.12497922	-0.019453168	0.16180986	0.011613093	-0.09473335
-0.15777932	-0.06133141	-0.08889878	-0.10681423	-0.066563666	0.09417463	0.01812211	0.003648049	-0.015525257	0.069110036	-0.060660765	0.12722646	-0.1607234	0.019558998	0.0854866	0.08301285	0.031960417	-0.06569917	0.022274643	-0.050004896	-0.08599901	-0.060175028	0.099900864	0.034583706	0.021261422	-0.0135438405	-0.079754695	0.023038875	0.021951033	-0.05280208	-0.06761204	0.0049415086	0.10047396	0.08135023	0.040905632	0.10766943	-0.070967235	-0.005878674	0.019786756	-0.014955785	-0.15623854	0.029891817	0.008363282	-0.031395707	-0.1255566	0.0011030465	0.031361047	0.07569906	0.086535014	0.1351016	0.014860503	-0.07264232	-0.003912459	-0.011803471	-0.15590139	0.054254983	-0.030377718	-0.081970714	-0.031217743	0.08227521	0.0953628	-0.10109023	0.094540484	0.03519004	-0.18816136	-0.010212918	0.038165934	0.1113737	0.044719335	-0.059011552	-0.12247949	-0.039896984	-0.05821771	0.0061598015	-0.13498974	0.08898423	-0.1284157	0.016086016	-0.08835786	-0.049181156	-0.18232891	0.057513103	0.023419557	-0.07894991	0.19841376	0.14896908	0.101937905	-0.024687445	-0.016461335	-0.071796484	-0.12805936	0.067188025	-0.043251276	0.11586313	-0.056785285	-0.14458603	-0.049892988	0.12909107	0.019034427	0.008855601
-0.098505646	-0.023564404	-0.057917695	-0.027983554	-0.009105608	-0.052481614	-0.085153624	0.0045199576	-0.0805844	0.104181476	-0.101414755	0.15520036	-0.11390567	0.05937575	0.11756926	0.109371915	0.1599976	0.008937824	0.047997605	0.025393333	0.01411696	-0.016767608	0.15993166	-0.003362522	0.02289787	-0.0037647125	0.00933776	0.05270242	0.016541386	0.040554162	-0.16493589	-0.029902572	0.14320952	0.1500594	0.11251139	-0.0494497	-0.08646306	0.026933094	0.032125723	-0.0018569438	-0.10141203	-0.12459606	-0.11022714	-0.115631714	-0.076521404	-0.056236453	-0.055204384	0.0135143995	0.02609079	0.12103462	-0.072411135	-0.08486691	-0.024644537	0.009522764	-0.14635067	0.06518967	-0.13709341	0.0174164	0.08358201	0.03428017	0.038886536	0.028417569	0.108128496	-0.017552473	-0.06464903	-0.032932013	-0.0141109945	0.08968241	0.10518121	-0.067101076	-0.10000828	-0.085868835	-0.06390014	-0.051572185	-0.15681344	0.12429129	-0.038101293	-0.10878187	-0.012539116	-0.025331555	-0.19598295	0.015484054	0.001201865	-0.06970442	0.10377113	0.2008849	0.14059027	0.016661642	0.036298245	-0.035522472	0.046292607	0.04833893	-0.024914155	0.061513387	-0.045790914	-0.11698452	0.06410609	0.06329064	0.003355974	0.012336557
-0.13241911	0.018019175	-0.1575776	-0.05493744	-0.07152095	-0.055988893	0.14502169	0.16249256	-0.03513222	0.009383891	-0.17397247	0.03382762	-0.1366643	-0.029867623	0.022357842	0.07867968	0.009707467	-0.029570688	0.1251209	0.0033250267	-0.038132153	-0.08305662	0.167144	0.12539992	-0.08547977	-0.015272219	-0.031552248	0.17373231	0.037568923	0.0064684446	-0.18125975	-0.22188193	0.18908963	0.13153684	0.21251227	-0.054890897	0.013050129	-0.0023203017	-0.0048940885	-0.005589403	-0.16343667	-0.049194127	-0.2548141	-0.11672043	0.033403985	0.14368089	-0.021778375	-0.0071055912	0.16248403	0.09926471	0.025242167	-0.025446799	-0.004521615	0.07404056	-0.074334525	0.020082798	-0.04143068	0.021160118	-0.03570492	0.067042895	0.1326813	-0.04751027	0.049563136	-0.038741153	-0.046385475	-0.0060831243	-0.0067954347	-0.038354807	0.039048523	-0.06121616	-0.12928297	-0.031554807	-0.15209314	0.09423087	0.02285371	0.032196924	0.05054777	0.008134613	0.00991745	-0.1118553	-0.11883348	0.01470056	0.15661749	-0.0067064115	0.069032915	0.02711215	0.13630594	-0.010822427	0.020880576	-0.00972734	-0.050192002	-0.059994712	-0.069393106	0.017680641	-0.010531732	-0.088177174	0.005002685	0.06154625	0.051324602	-0.025047742
-0.059356004	0.044703472	-0.005129004	-0.106728174	-0.058729324	-0.004662092	-0.021771008	0.091502525	-0.018710533	0.031329583	-0.029632153	-0.018634036	-0.043009933	-0.028080905	0.09009047	0.02385916	0.0125518665	0.04263948	0.05998485	-0.018485975	-0.0714231	-0.06516121	0.05456058	-0.03447491	-0.03088507	-0.023629688	0.005456786	0.029991947	-0.026323663	-0.03232662	-0.09250182	0.011185011	0.04743805	0.0841323	0.06806728	-0.061077874	0.10513518	0.016711164	0.021881556	-0.047551315	-0.10135353	-0.13541669	-0.13813847	-0.068690054	0.010392359	0.005089517	-0.003953765	0.043803044	0.10602022	0.16384766	-0.060691465	-0.26005787	-0.047157504	0.14706714	-0.15128931	-0.09059235	-0.13285305	-0.057150815	-0.09754338	-0.005036387	0.15144126	-0.053663563	0.0789932	0.060513586	-0.055435915	0.124906376	0.103201024	-0.02840187	0.16437717	-0.0012595882	-0.16141991	-0.042767204	0.014675413	-0.0966069	-0.1398821	0.23794587	0.034789555	-0.10436058	0.007255482	0.061967675	-0.15003656	0.07662893	0.013036882	-0.049198706	0.2834991	0.14547253	0.039114654	-0.021643946	-0.14766625	-0.008394371	-0.09951388	0.07864187	-0.019926904	0.06557818	-0.08578577	-0.22990254	-0.018940467	0.14155403	0.20289461	-0.039060432
-0.14505236	-0.10962729	-0.10405594	-0.017423827	-0.12362358	0.004538745	0.12892209	0.16610992	-0.06961758	0.03921148	-0.20302115	0.0010612053	-0.10347147	-0.014544086	0.018753588	-0.03321937	-0.0007477667	-0.019075964	0.056922704	0.06473672	-0.020285219	0.05161209	0.118907325	0.08280345	-0.10661063	0.07099443	0.037334185	0.080169246	-0.056258477	0.023935167	-0.023060495	-0.18247287	0.14828919	-0.08948564	0.052584462	-0.14583015	0.04545049	0.054743987	0.02377384	0.010151411	-0.010146616	-0.02835684	-0.066234894	-0.062490292	0.02139999	0.0020881565	-0.027477331	-0.09123029	0.24085042	0.080129065	0.07100256	-0.12829171	0.028160404	-0.012255512	-0.046334688	-0.0338239	-0.07339764	-0.1335354	-0.103183135	-0.0066736178	0.06964475	-0.04370372	0.06821212	-0.09205811	-0.042515703	0.049476855	0.04441665	0.10488985	0.026541995	-0.010993744	-0.16475406	-0.122959495	-0.17347044	0.06428078	-0.0903597	0.06448669	-0.15814704	-0.14274275	-0.118589364	0.004927768	-0.16522065	0.0064149178	0.12516668	-0.08630997	0.27782506	0.20849909	0.16404952	0.13696796	-0.1283552	0.029167583	-0.0220113	0.065529354	0.03757903	0.21480925	0.03707089	-0.23934267	0.002082627	0.024150684	-0.075345	-0.037945732
-0.13791114	-0.061751492	0.004987942	-0.03398698	-0.08833208	0.0012075059	0.08395081	0.11850912	-0.092224315	0.05202278	-0.1840391	0.06272883	-0.13503739	-0.05789121	0.027359126	-0.0004859975	0.008263399	-0.02413698	0.03275866	0.01235339	-0.058901433	0.08061277	0.18816745	0.07032377	-0.034067575	0.018048465	-0.024677912	0.10362531	-0.032450493	0.01567808	-0.095216356	-0.14073376	0.09057655	0.05338726	0.16305076	-0.023477828	0.03663303	-0.01806055	0.083297186	0.020146728	-0.08909701	-0.027676048	-0.06136613	-0.024040243	-0.05582025	-0.01388165	0.0020670425	-0.020464592	0.113161065	0.1727416	0.09321406	-0.05473487	0.075822584	-0.05215645	-0.1325965	0.048712227	-0.021004457	-0.13268055	-0.03798799	0.049038284	0.012271516	-0.08211014	0.10257008	0.016244749	-0.1348678	0.042548694	0.058924668	0.038509887	0.008800347	0.01614992	-0.03906704	-0.10594123	-0.12022035	0.023311842	-0.14589764	0.07310695	-0.1367424	-0.07776983	-0.085921615	-0.0098019885	-0.11786279	0.058506083	0.12364222	-0.14018857	0.15688701	0.21354352	0.06049851	0.08671933	-0.04249877	0.042362653	-0.08731069	0.14073627	0.04054051	0.14472167	-0.017149212	-0.13401926	-0.027530039	0.04936791	0.022274874	0.07343791
-0.1258261	0.007513347	0.009171488	-0.054168455	-0.12497064	-0.04453171	-0.02247564	0.13546464	-0.0587734	-0.051396463	-0.060288336	0.086152926	0.049301833	-0.035203416	-0.070665985	0.053231046	-0.01491709	-0.030765338	0.17913026	0.06904897	0.03796706	-0.010368795	0.20277227	0.010358133	-0.07866396	-0.0018588305	0.057454363	0.03590102	-0.012607373	0.053845152	-0.051896296	-0.11915825	0.2103186	0.18174487	0.13477817	-0.10054392	-0.025422316	0.060971204	0.020757414	0.035358507	-0.10974583	-0.14931308	-0.17660743	-0.23736627	-0.047300357	0.03704403	-0.007937332	0.056254525	0.044746462	0.107315965	0.09081861	-0.079213	0.053925145	0.06772238	-0.17242886	0.043720897	-0.0022382576	-0.13352421	-0.1590452	0.045995582	0.1451517	0.013371005	0.13835067	0.0052085277	-0.06562613	0.044014778	0.07738799	-0.03349985	0.027962444	-0.010911248	0.002341818	0.0075641223	-0.057210587	0.042183675	-0.08722643	0.16509435	-0.020835701	-0.011946962	-0.08556123	0.018952772	-0.057641387	-0.002388797	0.013882034	-0.00011859513	0.11897596	0.21168211	0.08236604	-0.08560893	0.053974412	-0.084782735	-0.075988844	0.06766913	-0.044086646	0.10377327	0.019539692	-0.050944056	0.046907693	0.22480898	0.13746397	-0.08354982
-0.13666931	-0.04038796	-0.015555374	-0.015769714	-0.07710739	0.034135018	0.054877486	0.1020614	-0.02751608	0.07555936	-0.06257313	0.08145298	-0.012762166	0.006723741	-0.05375064	0.11265992	0.09011682	-0.015431706	0.025298337	0.09309053	-0.07939771	-0.033534423	0.049166605	0.06888901	0.09011614	0.015975548	0.11659637	0.012965913	-0.01356427	0.0018633032	-0.08939482	-0.09025262	0.10356225	0.049497154	0.08986991	-0.108230524	0.12728831	0.14314699	-0.038745556	0.044659562	-0.12902516	-0.12315603	-0.12668732	-0.117554955	0.00016572533	0.0011667014	-0.07263356	0.047887474	0.21472573	0.1846377	-0.029978555	-0.17939948	-0.042366873	0.18677922	-0.10480415	-0.09374072	-0.15024868	-0.07927278	-0.11054391	0.056046333	0.16754232	0.011311682	0.12352902	0.012651361	-0.0142354295	0.0889536	0.10502237	0.013342314	0.12647687	-0.014796304	-0.10804326	-0.013473471	-0.06396528	0.06919371	-0.04991439	0.099063866	0.011885245	-0.14211036	-0.042198867	-0.010805588	-0.0023609851	-0.030788671	0.019756444	0.0013680325	0.19853626	0.17760655	0.06741377	-0.0015658847	-0.055193856	-0.1032078	0.0030271916	0.0021827167	-0.011877081	0.08678675	-0.014660045	-0.1860441	0.016746579	0.25415373	-0.01549699	-0.046940144
-0.25561282	-0.02131084	0.16206637	-0.044668138	-0.14137624	-0.011567324	0.007159838	0.071445	0.04195847	-0.028197045	0.045147255	0.15984467	0.067747734	-0.109788224	0.011352265	-0.08161807	-0.07788775	-0.090325154	0.09531191	0.080978304	0.016684888	0.15078454	0.016612913	0.011908623	-0.025782745	0.03142201	0.080735765	-0.036821738	0.050081156	-0.021788752	-0.10933493	-0.0999321	0.29839757	0.1720035	0.28543586	-0.138183	0.08842973	0.10677876	0.20041011	0.13902345	-0.09554259	-0.24603082	-0.31733075	-0.19708897	0.044168144	0.0074553345	-0.13929288	0.07928957	0.06601552	0.19212975	0.27441296	-0.1889647	-0.006799249	0.19600752	-0.09430469	-0.008322076	-0.06402079	-0.007088435	-0.14235488	0.0013277379	0.13595939	-0.09862922	0.093740486	0.1270047	-0.030805077	0.24787025	0.108592026	-0.20936607	0.19706081	-0.0643962	0.08785449	-0.03766288	0.09810686	0.0033977572	-0.024679465	0.1407318	0.030605996	-0.063711464	-0.1463428	0.20790382	0.07229271	-0.14248382	-0.14387007	0.0738074	0.12349261	0.1472477	0.0164354	-0.185092	-0.0446814	-0.15246713	-0.055273123	-0.035718005	-0.08301849	0.021493854	0.013996377	-0.10343913	0.05696147	0.36779815	0.09015118	-0.12985322
-0.03080359	-0.043463923	0.20865436	-0.0437174	-0.069634445	-0.053516246	-0.09355651	-0.040167667	0.085542805	-0.12852779	0.014949416	0.08309746	0.03336602	-0.111812964	0.015241455	-0.062795445	-0.03484366	-0.17827135	0.07170852	-0.065240055	0.03302734	0.17917731	-0.012353259	-0.16093202	-0.06393934	-0.0032869224	-0.05346522	-0.03522196	-0.04642218	0.034653082	-0.16422367	-0.10037096	0.15772277	0.14561598	0.13367306	0.05540622	0.07657144	0.04871681	0.25034955	-0.012596332	-0.15630744	-0.041876454	-0.19974063	-0.15815546	-0.025851794	-0.06626982	-0.018196035	0.13990572	-0.08215013	0.07451472	0.2194886	-0.047140326	0.08289041	0.08445382	-0.09891154	0.024328215	-0.02505032	0.039939526	-0.09155488	-0.072285354	0.14875047	-0.06191015	0.10906131	0.02520659	-0.08082847	0.16789901	0.049612213	-0.09505467	0.10376757	-0.045059163	0.028099988	-0.10152281	-0.033847205	0.047294416	-0.09264824	0.12747425	-0.002763167	-0.121857405	-0.17930496	0.03631416	-0.084918834	0.0022497168	0.048425343	-0.09153488	0.18279643	0.35801974	0.026545972	-0.030584447	-0.1212812	-0.011236408	-0.15102093	0.1435261	0.029997548	0.18587515	-0.11617911	-0.16646785	0.009744871	0.17850764	0.14888398	-0.0034446775
-0.17186677	-0.058331963	0.03763728	-0.077476196	-0.14270422	-0.0074022175	0.10937214	0.24896751	-0.08088674	0.009393621	-0.12361012	0.01892718	-0.026946228	-0.11020677	-0.05711237	0.0064766915	-0.064232945	0.039015207	0.07433895	0.11209265	-0.014577416	0.058936767	0.1916478	0.09634268	-0.03242495	0.04095898	0.13902433	0.09770737	-0.06512575	0.04262462	-0.08135577	-0.17948033	0.2158444	0.053062696	0.2454938	-0.21272111	0.1713096	0.09658397	0.04750684	0.084057905	-0.057871573	-0.2152725	-0.20915887	-0.14028141	0.018970748	-0.012274243	-0.070497796	0.019429447	0.1891014	0.212231	0.060652383	-0.16892219	0.0051587876	0.11458991	-0.06659466	-0.11248572	-0.0752911	-0.1645699	-0.15754487	0.072526425	0.08804926	-0.039186463	0.09489204	0.020810088	-0.03829216	0.13776067	0.12149901	-0.13120042	0.10390988	0.017170431	-0.016332064	-0.035352644	-0.0329454	0.016429564	-0.08205436	0.16973318	-0.04441548	-0.077101134	-0.08434212	0.039293297	-0.030506983	-0.07666509	0.029462023	-0.024700614	0.14857435	0.12744528	0.041084707	0.0073683662	-0.06907969	-0.06713446	-0.052751943	0.011924332	0.018596133	0.11320461	0.05745732	-0.106959954	-0.012037564	0.15596639	0.09195982	-0.10447438
