0.20243363	-0.55313784	-0.43986136	-0.018922817	0.2428757	0.34442407	0.6129021	-0.29484653	0.67941755	-0.17548028	-0.27066448	-0.42102695	-0.106528796	-0.49683753	-0.105811715	0.060146257	-0.33141366	-0.029777786	-0.38382006	0.19015853	0.42152235	-0.055467125	-0.13034241	0.27512792	-0.29229957	-0.06969065	0.3889956	-0.081959985	0.08102367	0.073626645	0.28446594	0.13494614	0.033187434	0.40338725	0.02064613	0.061296478	0.16915937	-0.13566287	-0.124222346	0.28900966	-0.45506185	0.20462249	-0.042078163	-0.032660045	0.7922173	0.118901104	-0.034260005	-0.47515514	-0.35067725	0.12738389	0.01110094	-0.40220588	0.339502	0.03703476	0.6387603	0.5088308	0.17853959	-0.2671566	-0.12255766	-0.15481834	-0.3023347	0.07627175	-0.2498058	-0.09727841	0.04967808	0.34487858	-0.04819537	-0.27821347	-0.20273463	-0.072675414	-0.3265427	-0.030801399	0.65835553	-0.29542506	0.008918244	0.08432888	-0.75798136	0.36961964	-0.051875804	0.11652302	0.35496518	0.5017545	-0.17351735	0.18309113	-0.32169843	-0.27347454	-0.6117078	0.3177187	-0.20557639	0.15662722	-0.2770268	-0.08865291	0.06466862	0.03980943	0.22161621	-0.30742335	0.06892339	0.21296367	0.15686099	0.030074483
0.3214684	-0.16782802	-0.7623292	0.40474808	0.4643604	0.27133507	0.42847186	-0.6577455	0.43576708	-0.04754571	-0.0017073527	-0.27429163	0.30198494	-0.18477632	-0.4440778	-0.2037751	0.1076722	-0.12300579	0.09262746	0.36763546	0.025915548	-0.2573743	-0.18428141	0.19634277	-0.29002857	-0.113513455	0.32529047	0.23635162	-0.09676722	0.037786912	0.07673492	-0.19915342	0.19732422	-0.17070818	0.14222975	0.048245355	-0.06558196	-0.3107771	-0.040626142	-0.119231194	-0.1266198	0.46051356	0.45734423	0.13649197	0.5559418	-0.38974828	0.47150597	-0.26243886	0.061242145	-0.035099577	-0.055491667	0.3186142	0.26833537	-0.15257171	0.16260692	0.14911488	0.3266722	-0.01255363	0.61313236	-0.24024874	0.04982532	-0.111647785	-0.5761629	-0.38927597	0.11226145	-0.021570116	0.3692711	-0.31316566	-0.48254642	-0.21465424	0.5791417	0.09835125	-0.39600655	-0.11092569	0.08193337	-0.1025687	0.306019	-0.5297027	0.36756763	-0.13001934	0.011669254	0.25130096	-0.31920093	0.016925968	0.08614388	-0.14304309	-0.16694227	0.05622245	-0.3209717	-0.1024779	-0.18084472	0.16031171	-0.100326106	-0.5906726	0.084558606	-0.43264458	-0.00085151126	0.22803798	0.5162162	0.2118847
0.1423391	-0.68205696	0.40147975	0.30395332	0.45020133	0.135735	0.35287473	-0.026165769	0.39166346	-0.05545881	0.14327024	-0.025023201	-0.118944675	0.063579045	-0.27359787	0.37372077	-0.23155542	0.022014765	-0.33004773	0.62070876	-0.0042858594	-0.1803339	0.14531745	0.20916472	-0.26544735	0.11990427	0.34084368	-0.19095132	-0.6810089	-0.18786898	-0.0012107062	-0.38447398	-0.09529113	0.3646346	0.39396033	-0.104657374	0.4652257	-0.4043572	-0.2736287	-0.18622349	0.109755084	-0.18773203	0.33021587	0.16758026	0.66206366	0.23733146	0.007715515	-0.31258285	-0.19053766	0.36368546	-0.21889618	0.27957058	-0.24704134	-0.05741201	-0.085939765	0.21327767	0.10493339	-0.0058552637	-0.01480051	0.2217567	-0.08867259	-0.30776125	-0.44894874	-0.14379978	0.1919498	-0.10149341	0.16924195	-0.045696147	0.091264606	-0.13847984	0.4617993	0.16838029	-0.14545576	-0.39872184	0.30142245	-0.17469299	-0.54748446	-0.10271913	-0.29084656	0.2368072	-0.6391458	0.14182904	-0.4004735	0.09182035	-0.06305078	-0.24269237	-0.07851889	-0.3882769	-0.5920643	-0.73166436	-0.42007935	0.21396361	-0.22204065	-0.11077957	0.11904231	0.17926028	-0.12479358	0.38524026	-0.07425934	-0.12478815
0.2630507	-0.3857633	-0.51465935	0.18751918	0.2938179	0.34781128	-0.23603316	-0.4416653	0.21751525	0.23940729	0.10460724	-0.1183936	0.2068441	-0.21972932	0.053808767	-0.04612665	0.75985575	0.2897632	0.0015314932	-0.2437282	-0.1414848	-0.031042889	0.08669287	-0.26214147	-0.14359885	0.007288441	-0.4227398	-0.3642897	-0.5550146	0.02974024	0.111768216	0.031080915	-0.4600038	0.17501701	0.13999666	-0.40538365	-0.16924784	-0.2155171	-0.06443857	-0.042136066	-0.53139	0.060932357	0.09531304	0.2746566	0.24549443	-0.25064942	0.4377524	-0.49481654	-0.51135683	0.096649334	0.009145841	-0.29339325	0.031670175	-0.025887983	0.083960176	-0.08634618	-0.27418527	0.5293586	0.15065083	0.39535588	0.4357872	-0.0092446385	-0.24806705	-0.2755749	0.2981433	0.2657125	0.19399662	-0.2146177	0.21753393	-0.5030958	0.4857749	-0.13879657	0.29663545	-0.17083059	0.22346883	0.3727731	0.12041061	0.18665612	-0.3360437	0.009563641	-0.18823239	0.4278354	-0.18347698	0.052460965	-0.35062277	-0.6856504	-0.19350572	0.080492646	-0.45068333	-0.2188548	0.041421022	0.6779991	-0.48292717	0.13897124	0.43745467	-0.04051982	-0.117291845	0.1556432	0.32551214	-0.08463052
0.16023105	-0.6465531	-0.08451798	-0.048001472	0.31835467	0.42237404	-0.03854903	-0.5315373	0.09847196	0.22333463	0.07164875	0.47390303	0.41161615	-0.26105058	0.13682486	-0.15814935	-0.23285711	0.32152236	-0.21387039	-0.14413464	-0.2780749	-0.10692928	0.13450657	-0.1316423	0.007426907	0.055959553	0.3353425	0.27569616	0.00524917	-0.087881096	-0.25643593	0.16722903	0.257179	0.2591532	-0.40990964	-0.0037715763	0.31813565	0.16034342	-0.18050094	-0.65365267	-0.5411001	0.04332003	0.10105958	-0.15581849	0.81890345	0.046386067	0.6323049	-0.11757191	0.09544361	0.78985226	-0.04896955	0.31845674	0.18384106	-0.022891486	0.37144813	0.3335325	-0.07415044	0.54033405	-0.16858198	-0.0014619854	-0.26766998	0.07382928	-0.28167543	0.22467348	-0.11365329	0.1730645	0.13169037	-0.12282259	0.39953706	-0.3643311	0.38809955	-0.021066617	0.24470443	-0.19872847	-0.013298697	-0.23297417	-0.23987168	-0.54880816	0.46139297	-0.046746034	-0.5692995	0.5308218	0.25862318	0.32043523	-0.18678458	-0.21783851	-0.020369604	-0.27486467	-0.26734683	0.094457	-0.19403328	0.10343002	-0.16956052	-0.096079245	0.08220385	-0.22518046	0.09192128	0.31655142	0.27846688	0.08209763
0.31960598	-0.13472667	-0.051436044	0.27352026	0.20445912	-0.11693582	0.19203898	0.0030771482	0.3634478	-0.40517905	-0.09486886	0.06226374	0.27864924	-0.092338406	-0.07019416	-0.099946804	0.31939694	0.39459813	0.5258881	-0.076819375	0.32187763	-0.34680408	0.16946912	0.08435855	-0.36287206	-0.0080716945	0.18250696	-0.29368314	-0.39137334	0.055963766	-0.44898596	0.1945	-0.19043179	0.07771008	0.18160594	-0.52693105	-0.2919991	0.18366885	0.3219384	-0.2727737	-0.37027147	0.3160932	0.26268563	0.3149327	0.3365763	0.09869568	0.56709003	0.12995857	-0.10450274	0.0033792749	0.33624506	0.47221968	0.17347251	-0.042553503	0.84509796	0.110630594	-0.44267157	0.1248716	-0.17624252	0.3448163	-0.39773503	-0.29682106	-0.11431537	0.09507977	0.49001813	0.34666505	0.5740263	0.33812305	-0.1778409	-0.25660625	0.019379564	-0.029149853	-0.29163292	0.01354964	0.4307454	-0.09953671	-0.28771952	0.35016793	-0.03944729	0.05886977	-0.13346164	0.29694352	0.06966536	-0.21606226	-0.09860602	-0.6286309	-0.4383229	-0.5897895	0.08442472	-0.41938213	-0.39550042	0.06876734	-0.023746323	-0.11182951	0.3517214	0.06615007	0.7177627	0.17687584	0.0155526055	-0.15835926
0.12877835	-0.39778873	-0.122711346	0.04622391	0.16320476	0.31410652	-0.26656356	-0.14968358	0.10128202	-0.34052372	0.10982711	-0.22096038	0.4530639	-0.1820302	-0.15438476	0.46276596	-0.24189185	0.35387132	-0.04704039	-0.3302767	-0.05905143	0.26722416	0.044652414	0.31349415	0.23602095	0.12525158	-0.13343224	-0.0058928286	-0.632963	-0.06294188	-0.062833995	-0.013486512	-0.39479166	0.2833009	0.057009615	0.09274918	0.3764561	0.1214625	0.1471036	-0.16117331	0.17263418	0.46212077	0.0021149265	-0.18657234	1.1861732	-0.047391534	-0.3712692	-0.038408663	-0.3222262	0.43150753	0.18178655	0.15073171	0.4469867	-0.073722266	0.34742388	0.21449713	-0.044549543	-0.37827137	0.44718146	0.39698708	-0.1090458	-0.077955954	-0.28373614	-0.37037873	0.53248096	0.23487295	-0.20775245	0.35007688	-0.31679556	0.26958117	0.18671761	-0.43043104	0.30648592	0.013683373	0.24019273	-0.24110971	-0.28931975	-0.25166565	0.15225019	-0.29343322	-0.58478165	0.05364118	0.22058313	-0.4791524	0.06344193	-0.32181394	-0.664894	-0.1441173	-0.2891366	0.029432654	-0.19493023	0.20918235	-0.22450693	-0.3093101	0.19645493	-0.18851745	-0.50084156	0.13761802	-0.05003295	-0.31889546
-0.5586841	-0.05907902	0.4880903	0.33963135	0.34341902	-0.057183813	-0.2263793	-0.11104387	0.35430163	-0.070540756	-0.3821164	0.22167742	0.35597768	-0.25225863	0.20832431	0.42744237	-0.05792075	0.66721416	-0.4064666	0.1269715	0.14815868	0.3866175	-0.13824536	0.27481827	-0.5280607	0.05363672	0.3385961	0.0333517	-0.0420916	0.45557743	-0.21084297	-0.41081917	-0.19171146	-0.01669085	0.008525676	-0.14409608	-0.2408905	-0.2114944	0.1461169	0.094123974	-0.09320271	-0.1445748	0.20878154	-0.117405586	0.7064381	-0.3497579	0.026491119	-0.33182618	-0.46980378	0.32638028	0.49753112	0.21233998	-0.07541112	-0.23753953	0.17066567	0.62534267	0.192522	0.0039433036	0.04277193	-0.27501562	0.4225977	-0.16004442	0.05900918	-0.29869428	0.009284118	-0.41005546	0.10844881	-0.14779678	-0.10991691	-0.48395726	0.42248943	0.3450154	0.22106299	-0.13929604	0.45488256	0.066408716	-0.4751735	-0.1449326	-0.16362144	-0.20725149	0.099608466	0.30871964	-0.19184287	-0.3757219	-0.33924732	-0.5937668	-0.2815188	-0.5830935	-0.17175455	-0.13068008	-0.05435945	0.15666427	-0.47364908	-0.24084592	-0.16001678	-0.39822268	-0.043290284	0.26475567	0.36251792	-0.02424233
-0.13897642	-0.06614832	0.19632223	0.3244747	0.40137458	-0.18271261	0.30034286	-0.37667748	0.329141	-0.3855088	0.05411065	0.4529901	-0.17752956	-0.009900868	0.18470632	0.21343528	0.1154797	0.26086524	0.28530973	0.3999043	0.0661466	0.102513954	-0.27115425	0.2350914	0.3016912	-0.20671225	-0.1620414	0.21424577	-0.48488507	-0.14887142	0.45110616	-0.33530283	-0.035624303	0.42965892	-0.3068271	-0.202638	0.32414132	-0.34092417	0.29318634	0.11784541	0.14901753	0.329082	-0.056836408	0.22912176	0.96919507	0.40883908	0.3826484	-0.43134937	-0.095934324	0.16468331	0.21607865	-0.15617248	0.23603378	0.09685469	0.38357344	0.44877708	-0.5365386	0.010920634	0.0044912184	0.23342128	0.07639647	0.013784726	-0.006638278	-0.5472354	0.11717744	0.22523288	0.116829075	-0.0059183114	-0.45883656	-0.0803415	0.34650472	-0.5894603	-0.04339557	0.022009315	0.23023464	0.50124663	-0.32515258	-0.22566426	0.23426914	0.29025698	-0.5898154	0.14133507	-0.60850173	0.30853218	0.0057848757	-0.03479188	-0.11079565	-0.32364476	-0.17861998	0.12988369	-0.31660977	-0.06277149	0.044933327	-0.3886766	0.101900645	-0.12356675	-0.14331448	0.15692763	0.20053914	0.1115778
-0.033799917	-0.03352127	0.011914361	0.40485752	0.46687934	0.33246148	0.069159746	-0.12151406	0.39520115	0.124610774	0.02017096	-0.12818788	-0.0028733078	-0.333075	-0.25080335	0.10452704	-0.27711678	0.21201827	-0.18267071	0.14319107	0.028037155	0.079011865	0.15474081	0.05094725	0.018088473	0.27344248	0.4146157	-0.10638059	-0.42609102	-0.050929006	0.019570326	0.508893	0.19009146	-0.11131737	0.25140715	0.24425048	-0.063366316	0.049580142	0.23585446	-0.025030617	-0.44329834	-0.07308926	0.04335198	0.21423335	0.62505656	0.37525925	0.12296515	-0.35994416	-0.033155248	-0.04377784	0.25309122	-0.26532862	-0.35751635	-0.22752893	0.18798871	0.56032926	-0.4402836	-0.28689864	0.13369036	0.58718634	-0.70608795	-0.59524184	0.16900069	-0.302886	0.2384343	0.46107545	0.48748896	-0.51442415	-0.3655261	-0.1845967	0.55613387	-0.12888344	0.12120129	-0.031508066	-0.61147255	0.3058879	-0.19197306	-0.5674316	-0.37923756	0.09535867	-0.057322122	0.24974088	-0.2141455	-0.330336	0.07893642	0.13101032	-0.31931937	0.086529836	-0.4722963	-0.18358609	-0.42694744	0.08647564	0.046815068	0.22661443	-0.26506674	-0.6687091	-0.104612455	0.033833563	0.39260182	0.034143288
0.060804557	-0.19189468	-0.2268064	0.2770859	-0.33655983	0.2123662	0.09113369	-0.24548842	0.33308256	0.43239778	0.13056321	0.16876848	0.2223708	0.17187703	-0.16752312	0.15848033	-0.20220427	0.2133726	-0.21820581	-0.033501394	0.23401834	0.058966372	0.35506144	0.21930997	-0.33101594	0.3279084	0.11967843	0.10638235	-0.18260066	-0.26934788	-0.09854281	0.17444418	-0.022830866	-0.08964465	-0.20716837	-0.23116697	0.14054346	-0.25870258	0.28830233	0.24729207	-0.22258714	0.0908348	0.46781254	0.013394687	0.4410934	-0.17992385	0.07733597	-0.57348883	-0.35540524	-0.013336657	0.1810582	0.047674127	0.18944134	0.28126884	0.57772416	0.5162532	-0.43525487	0.18488449	0.14853619	0.28170598	0.43418258	-0.781949	0.07741763	0.029369723	-0.14456186	0.244556	0.15302718	0.5681009	0.25895867	-0.678842	0.09549041	0.042833507	0.29625487	0.026075436	0.355393	-0.2685153	0.13981229	0.13992016	0.06077598	-0.24585855	-0.17601864	0.3671436	-0.5493999	0.10611193	-0.08570228	-0.31254065	-0.006847958	-0.023123033	-0.63654244	-0.19785948	-0.44558412	0.54816365	0.07436286	-0.7205906	-0.2604338	-0.12336031	0.17040537	-0.025218405	-0.42178	0.327979
0.22293669	0.23265713	0.031652052	-0.2138274	0.032698173	-0.25350934	-0.06288316	0.11064213	0.53097874	0.19105244	0.3551422	-0.33673683	0.23400488	-0.19606327	-0.3332137	-0.18461184	0.2776826	-0.15709049	-0.96995807	-0.15349662	-0.052586786	0.10120819	0.06622056	0.10724731	-0.08639679	-0.07171013	-0.34131896	-0.18620704	-0.08631252	-0.05736983	0.41735828	0.25243706	0.15659435	-0.023285506	0.17259975	0.12953117	-0.04027913	-0.37025818	-0.023527415	-0.086218156	-0.36106214	0.42661366	0.12340041	0.29435435	0.5833979	0.53397846	0.18028262	0.01884156	0.12871516	0.3416901	0.28969532	-0.18039002	-0.016856758	0.13997181	0.6156961	0.19007671	0.20056443	-0.26857862	-0.22026809	0.40785855	-0.029049054	0.36066976	0.07423197	-0.1436424	0.4088171	0.54846376	-0.0048940717	-0.55760294	-0.44399083	-0.5545242	0.3910193	-0.18164624	0.34065592	0.13759741	-0.372429	-0.1953587	-0.22313564	0.28850627	0.2731289	-0.09570196	-0.0032829065	-0.0039958856	-0.38807034	0.24625532	-0.52074766	-0.17490011	-0.047473952	-0.60649437	-0.39504915	-0.30921435	-0.16432428	0.25571424	-0.39378414	-0.25581083	-0.26266462	-0.25029886	0.39017427	0.6410939	0.24703401	-0.19183321
0.13148923	-0.44816247	0.15425406	0.5976979	-0.3696944	0.1575024	-0.24296907	-0.4873362	0.06669197	0.10373841	0.07288932	0.17020106	-0.041046333	-0.05584522	-0.3763488	-0.5940321	-0.21251291	-0.15347774	-0.042361848	-0.013306485	0.5582343	-0.38159013	0.28591296	0.081276186	0.24144727	0.04052228	-0.16020167	-0.25749746	-0.1725197	-0.0977722	0.27163368	-0.13479756	-0.3235971	0.3257728	-0.21228984	-0.185889	-0.27985984	-0.08920023	0.008826433	-0.22555152	-0.5944394	0.16622515	-0.15498044	0.56666994	0.34603196	-0.45463842	0.14606863	-0.995685	-0.31306496	0.080606945	0.4231398	0.23244068	-0.028070534	-0.2243957	0.8925149	-0.05868467	0.038552936	-0.2887694	0.07665426	0.35490283	-0.014644434	-0.20464571	-0.0871586	-0.08547753	0.11263138	0.062346138	-0.15053962	0.13061993	-0.24300875	-0.51286197	0.24063222	0.103300594	-0.08387801	-0.03448554	0.15592937	-0.19307525	-0.13801628	-0.18583728	-0.13052337	-0.2520395	-0.37366235	0.16284941	-0.165819	0.0048601218	-0.09172283	-0.5025607	-0.102383494	-0.12743637	0.15525609	-0.062659435	0.21813786	-0.014966531	-0.095128775	0.18812758	-0.05434643	-0.5537604	0.24607489	0.48791748	0.37376872	-0.30905685
0.17567112	0.21212429	0.17862876	0.6093285	-0.4187507	0.052453127	0.03897813	0.39865103	0.5361148	0.41848254	0.020638864	0.29801542	0.4335174	-0.1155352	-0.4324869	0.005410632	0.10650834	-0.3214224	-0.082876064	-0.12773311	0.16093159	-0.26483762	0.41184282	-0.14062436	0.48676914	0.56442076	0.12154507	-0.13884234	-0.52985364	0.1463885	0.06988779	-0.16072407	0.21644624	0.060075376	-0.45536682	-0.22357455	0.19865097	-0.17261261	-0.04825154	-0.03383518	-0.30262834	0.5233807	0.35083228	0.6191974	0.8232001	-0.20493022	0.055207815	-0.3221148	-0.16024731	0.03902696	0.52629155	0.34661198	0.3456548	0.090539515	0.157724	0.28661597	-0.12042775	0.317771	0.113765605	-0.4421294	-0.19230686	0.16001204	-0.016248953	-0.19011201	0.14868656	0.21037021	-0.07835142	-0.778999	-0.33889988	-0.5959128	-0.06318264	-0.090318225	-0.0716933	-0.0213676	-0.06269408	-0.10960772	-0.3396365	-0.24561699	-0.15332998	0.0033625427	-0.15113848	0.46355727	0.14348502	-0.06109551	-0.26339838	-0.67035174	-0.41722545	0.17819834	-0.1842596	-0.4195815	0.06775119	-0.0832519	-0.039897766	-0.010993759	0.360331	0.26198125	0.21419737	0.16688384	0.31577972	0.06330321
0.08561066	-0.069721706	-0.034903023	0.30392137	-0.021453792	-0.15638699	-0.07094104	-0.57210034	0.24523024	0.12130222	-0.43226954	0.1838374	-0.12146162	-0.5091352	-0.34786174	0.30181465	-0.33025038	0.63734365	0.033978563	0.36897433	-0.16659226	0.10152774	0.249446	0.056665175	-0.5715816	-0.037313998	0.17347425	-0.32956672	-0.4375928	-0.02169827	0.1680814	0.039217286	-0.396425	0.11173116	-0.33293462	-0.8556572	0.14020552	-0.19656105	0.17601459	0.075308375	-0.32245818	-0.2334163	0.1472125	-0.07525153	0.36136538	0.18946394	0.42779094	0.04653484	-0.096975535	-0.2517423	-0.057537735	0.13865635	0.23536047	-0.48185796	0.5207137	0.21686023	0.3315333	0.31944793	0.01864451	-0.048625838	-0.63159704	-0.0007019938	-0.06831575	-0.5182706	0.0025609997	0.29642832	0.13166864	-0.37372968	0.22586805	-0.60270405	0.15141	-0.16593257	0.24483785	-0.046956547	0.11172008	-0.64132905	0.15058571	-0.0101905335	0.16367005	-0.2574403	-0.34921497	0.28785723	-0.30673766	-0.1603377	-0.27115917	0.059304126	-0.31341663	-0.016028265	-0.14417171	0.000767763	-0.2151857	-0.12484056	0.30911946	-0.64800996	0.1347549	-0.07091652	-0.49957004	0.49553236	0.24270733	-0.21159445
-0.12396175	-0.055314973	-0.4632201	0.4843328	-0.7991088	-0.20159702	0.40239048	-0.3272235	0.4428394	-0.027877063	-0.3354343	0.19042009	0.16145189	0.23581189	-0.2982368	0.094285294	0.2144785	0.4452032	0.13475814	-0.2915784	-0.15364729	-0.1229876	0.3538016	0.6260762	-0.31335273	-0.34349337	0.14126436	0.12557219	-0.404545	-0.04236583	0.14634162	-0.20769314	-0.46977907	0.6212357	0.46415234	0.01844686	0.18504004	-0.19340324	-0.005296096	-0.18743345	-0.48347297	-0.07152637	0.30573937	0.013227334	0.40448004	0.009870362	0.29215315	-0.3342148	0.15749057	0.25314724	0.31411758	-0.14566514	0.05009102	-0.32741612	0.38718	0.010666569	-0.3116175	0.23422687	0.09665352	-0.25250888	-0.28102913	-0.27252582	-0.21826243	0.27297267	0.14567377	0.33506536	-0.31601837	-0.39940768	-0.06570858	-0.018564802	0.23798685	-0.013374637	0.3560672	0.4014851	-0.3565127	0.15356533	-0.2547744	-0.13483386	0.1372558	-0.29129162	0.3026914	0.5274596	0.037784975	0.35102403	0.044845406	-0.44088545	0.023097983	-0.37044963	-0.09903541	-0.45170623	-0.3228293	0.51186615	0.17209394	-0.29196873	0.2525417	-0.14957151	0.12107612	0.5253528	-0.08467982	-0.18260762
-0.08005507	-0.63934755	-0.048315413	0.3570679	0.49380305	-0.17197387	0.05697882	-0.15207693	0.26092458	0.21849062	0.13751838	0.30917436	-0.009274659	0.038672112	0.15205601	0.2859543	0.10697029	-0.055827692	-0.13564265	-0.061390895	-0.08827924	0.09974551	0.076471	0.21512926	-0.4395574	0.058203116	0.24989557	-0.623189	-0.2147711	0.40340492	0.3400124	0.027185164	-0.25479528	-0.03989979	0.35695356	0.22263145	0.22099815	-0.19992211	-0.22372498	0.040630553	0.18654786	0.4439183	-0.025715677	-0.06606188	0.48518133	-0.17290474	-0.42830318	-0.30330348	-0.4520257	0.25772542	-0.36320597	0.11504634	0.27166528	-0.22596775	0.20005348	0.19231173	-0.23695698	0.33994266	-0.2078748	0.27618304	0.11315725	-0.34457475	0.034943137	-0.48402804	-0.31962278	0.49480447	0.21837431	-0.041855566	-0.5310893	-0.016902532	0.15300532	0.07169148	-0.06795885	0.47667202	-0.29478732	-0.1307421	-0.68365246	0.1353258	0.045894902	-0.86792547	-0.64361715	0.42918003	0.025376966	-0.27862662	-0.21521437	-0.18420663	-0.013770158	-0.60205984	-0.21216129	-0.081615254	-0.3719252	-0.2337536	0.0090749	-0.4141798	0.4561313	0.05211787	0.056611367	0.13403508	0.64465815	-0.10489058
0.53675336	0.26652506	0.110324815	0.32216817	0.20068382	-0.053594053	-0.08280557	-0.21990088	0.09112082	-0.12438937	-0.17664708	0.09758737	0.25363103	0.09178398	-0.031213606	0.030711325	0.38720185	0.38012403	-0.29486892	0.5158399	0.4440918	-0.28934076	0.026594613	0.11913992	-0.44972923	-0.08684384	-0.18217994	0.19244893	-0.5197451	0.060058508	0.15248385	-0.4365301	0.054054327	0.5861317	-0.23402172	-0.5488669	0.1220438	-0.099593244	0.3391196	0.3155876	-0.22609273	-0.07628796	-0.11199021	0.34515285	0.45159537	-0.42224506	-0.335174	-0.25731465	0.13706556	-0.050360512	-0.150682	0.5007817	0.26099917	-0.03371823	0.5200023	0.75583297	0.13918881	0.19734128	-0.100323126	0.632042	0.06939976	0.029131416	-0.00043037155	0.5389196	0.13028894	0.015073008	-0.11179393	-0.17998435	0.24302849	-0.12034563	0.485715	0.002479983	0.38598606	0.16424167	-0.21900961	-0.122193925	-0.06330486	-0.37665406	-0.17243099	-0.38071513	-0.3678027	0.7605883	-0.15464325	-0.08906751	-0.18293664	0.10837475	-0.42109585	0.091624	-0.15326253	-0.19019139	-0.5101385	0.012892578	-0.28286844	-0.50446445	0.25118086	-0.31053314	0.5550187	0.252332	-0.044702135	-0.49003208
-0.05997463	-0.59728503	0.104567446	0.3246029	0.24133939	0.5097869	-0.046694193	-0.046354894	0.54523665	0.3415466	0.3720529	-0.25408417	0.03492294	0.0248814	-0.116686426	-0.17832115	-0.14633867	0.025182491	-0.44973594	-0.3475412	0.17214517	0.010907389	0.24941255	0.2535424	-0.52062047	-0.015083081	-0.054240152	-0.253889	-0.6676634	0.23436399	-0.41751578	0.14209934	-0.07288198	0.39463088	-0.26954383	-0.35464776	-0.011591319	-0.33016428	0.044214293	0.32523304	-0.057690024	-0.35715574	0.097396694	0.013629528	0.87463164	-0.26681244	0.4434669	-0.13445878	0.17920472	0.008418757	-0.22401966	0.040053185	0.24721922	-0.100777745	0.36680937	0.55194473	-0.727101	0.11500839	-0.29585615	0.23426932	-0.3140445	0.26349962	-0.20094983	-0.48152763	0.32647783	0.1579759	-0.096968055	-0.056180295	-0.042944744	-0.08685142	0.51480615	0.19285186	-0.55682737	0.44619495	0.0015316657	0.12500337	-0.103414185	-0.15107442	0.24313386	0.2405732	-0.49743503	0.18635055	-0.32460085	0.16280712	-0.21311189	-0.08633108	-0.30452454	0.037457984	0.15704104	0.4576176	-0.051296618	0.1991245	-0.1560733	-0.5591193	-0.37360114	-0.12753733	-0.14210066	0.49331844	-0.22582345	0.35132226
0.55661005	-0.59870887	0.02489524	0.2838829	0.20581758	-0.10361304	0.11247447	0.2376655	0.5254895	-0.44831505	-0.2926824	0.054253258	0.40771246	-0.09981565	-0.14327237	0.28928086	0.12457186	-0.07431147	0.2185544	-0.36115092	0.2574973	-0.3709519	-0.16305092	0.1995858	0.44515127	0.26462355	0.1620769	0.05301782	-0.3682988	0.23350535	0.005782937	0.011238515	0.470481	0.07594041	0.08283184	-0.34936598	-0.09091027	-0.51568305	0.26662844	0.008691086	-0.765017	0.20784868	-0.13352013	0.56733704	0.46803865	-0.6689306	0.61142504	-0.34253377	0.07244219	0.17265746	0.14443573	-0.7929855	-0.1531326	-0.4276515	0.112851344	0.26601592	0.018783359	0.29885733	-0.0962157	0.5311879	-0.27749327	0.23169838	-0.07771677	0.04316895	-0.062361874	0.19569612	-0.40559828	0.079887934	-0.20532471	-0.18559633	0.22896245	-0.07408288	0.15788755	-0.06943606	0.17850356	-0.41106147	0.081759684	-0.13145576	-0.032570522	-0.08102014	-0.18004888	0.08254022	-0.0035976567	-0.19135001	-0.38078395	-0.20226918	0.15957837	-0.3869155	-0.45015907	-0.1236954	0.017180085	0.16241851	-0.49890018	-0.38053322	0.001959678	0.26575735	-0.12517521	0.2132158	0.53832465	-0.04676399
0.25987518	0.18691176	-0.10015405	0.39000684	0.13934194	-0.033326905	-0.047956195	-0.078352265	0.08248443	-0.2798099	0.07445426	-0.187236	-0.10853468	-0.22972092	0.1577325	-0.21680914	-0.16359602	-0.07280984	-0.52819866	-0.6467201	0.80213505	-0.4099801	-0.07705917	-0.11626941	0.10701057	-0.1415361	0.1027046	0.05597598	-0.12908559	-0.026148276	0.017154342	0.43986428	0.303689	0.2600047	0.40844342	0.083741	-0.21217723	-0.15207115	0.13098827	0.38376775	-0.37372765	-0.13542679	0.22954473	0.5644695	0.6527376	0.07096834	0.038286548	-0.4447154	-0.015895346	0.55528873	0.0380793	0.2331898	0.38084057	-0.9107385	0.08953591	0.47234184	-0.013465082	0.9546852	0.6550838	-0.2444373	-0.036844637	-0.12975834	-0.022315413	-0.50811225	0.053635303	0.18934296	0.5914155	-0.09040222	0.06512802	-0.3293342	0.040537488	-0.29393888	0.21612234	0.20529361	0.31025565	-0.14587718	-0.120071314	-0.37989718	0.14640519	-0.13136354	-0.2869334	-0.08575857	0.050935626	0.27086994	-0.14340504	-0.28556246	-0.49091873	-0.32559794	-0.81405056	-0.21473065	-0.1629976	0.102037065	0.1458567	0.2214139	-0.10482032	0.12467022	0.25437298	0.3379917	0.07495406	0.012033223
-0.168254	0.20360653	-0.62901723	0.44228062	-0.0018280349	0.52689636	0.10751898	-0.03439303	0.74438167	0.12671264	0.019463211	-0.2956577	0.10065766	-0.113313645	0.050741754	0.2735375	-0.038954362	0.6037273	-0.3290009	-0.06562693	-0.26143685	-0.33369982	0.02797007	0.38751143	0.11227372	0.5071805	-0.31446233	-0.19133514	-0.09028923	-0.08048669	0.34949183	-0.5361921	0.022546547	-0.055701945	0.041117467	-0.33734038	-0.14326435	-0.054286104	-0.15134588	0.07324277	-0.19710226	-0.023916839	0.1516589	0.3228595	0.59708226	-0.515978	0.22510922	0.21464972	-0.12463234	0.12025739	0.05970007	-0.031615335	0.5931979	-0.41844076	0.5811608	0.14165397	-0.08314611	-0.29845425	-0.4981611	0.3450106	0.047323164	-0.41746032	-0.3430406	-0.30849847	0.28331742	0.080357954	0.22626531	-0.15898746	-0.42324623	0.15384547	0.06783746	-0.23403059	0.46448812	-0.14503345	0.35972276	-0.051057294	-0.3191464	-0.38024858	-0.21397471	0.42127442	-0.31201202	0.46618155	0.23069012	-0.22647034	0.08145076	0.060214516	0.09697182	-0.48626515	-0.30075198	0.027372396	-0.22230816	0.06724699	0.49730328	0.17320947	0.14414896	0.09289888	0.42250538	0.7726054	-0.29010114	-0.16559495
0.067419045	-0.8481977	-0.21295014	0.83871305	0.19516674	0.17379107	0.0027146672	0.1239312	0.095996216	-0.014185036	-0.06414851	0.17459558	-0.15265664	0.110431656	-0.5252031	0.09824088	0.36424875	0.025457738	-0.29926273	-0.16564718	-0.15611807	-0.40750003	0.1993637	0.13815188	0.12766856	-0.24775444	-0.20421614	0.21939315	0.22428118	0.4898941	0.050259933	-0.086556405	0.030167628	-0.57791996	0.1587382	0.09974654	-0.15024245	-0.25198808	0.5805646	-0.36712107	-0.3996912	0.1545704	0.287569	-0.12563337	0.4106881	-0.33131155	0.027656699	-0.4051594	0.077841885	0.076808535	-0.008950512	0.062873565	-0.35381588	-0.041247357	0.14314368	0.42134374	-0.04087671	-0.14857373	-0.13913886	-0.09180942	-0.2950736	-0.42701456	-0.021583254	-0.39750302	0.24295735	0.39920327	0.13887164	-0.1147226	0.39578784	-0.15365265	0.449765	0.047852367	0.6237057	-0.46062386	0.13435048	-0.093780175	0.3163116	0.033525415	0.08273982	0.14656268	-0.8009357	0.5605725	-0.05474072	0.29891932	-0.11026842	-0.5906113	-0.62109995	-0.09663189	-0.17878324	0.42638394	-0.21414125	0.43220386	-0.27418983	-0.5424343	0.06533451	0.20753205	0.29920003	-0.35047707	0.017174674	0.05610397
-0.31432298	-0.042319816	0.31323126	0.38156098	0.048051573	-0.05098766	0.077817835	0.05954702	0.19571258	0.014682976	-0.3255939	0.3457191	0.33405024	-0.15974881	-0.21602942	-0.21676062	-0.015921567	0.18210557	0.12714987	-0.6498711	-0.08401169	-0.5216603	-0.07506538	-0.0005226292	-0.41332075	0.2425675	0.61541367	-0.26592192	-0.09512477	-0.2002027	0.032131866	0.4842044	-0.033502124	0.25184396	0.5975708	-0.27951977	0.02431646	-0.49045593	0.40911508	0.12563124	-0.080814615	-0.07906169	0.097503066	0.25880286	0.4676218	-0.46188232	-0.31414542	0.012086503	-0.54403996	-0.11603186	-0.15319872	0.13427022	0.30225614	-0.067853235	0.6077907	-0.21309055	0.29490316	-0.290811	-0.094200455	0.24860665	0.35157138	0.027574858	-0.61899036	-0.061598957	-0.050965358	0.24958058	-0.07868058	0.24994655	-0.48875138	-0.5003278	0.63353246	-0.23537552	0.67898166	-0.023819892	-0.0901532	0.20336512	-0.28113163	-0.43950075	-0.0834565	0.20088623	0.12111919	0.38431576	0.30310243	0.19554661	-0.66326505	-0.3540159	-0.38134444	-0.5748961	-0.000116940166	0.30223745	-0.53367466	-0.036832523	0.040325627	-0.3914311	0.13525546	-0.40543708	-0.013504513	0.18964542	0.2626613	0.3103161
0.2500077	-0.47285855	0.25900474	0.24393411	-0.2537596	0.09609906	-0.3505758	-0.33611697	0.19278196	-0.075946316	-0.042261045	-0.10357186	-0.12854005	-0.09829206	0.12287768	-0.16007774	-0.1350508	0.26539582	-0.42670286	-0.17429318	-0.09726393	0.35277444	0.20585187	0.27363902	0.101468585	0.16781883	0.026518483	-0.013291821	-0.68920636	0.055262964	0.45156246	-0.56541944	0.23216528	0.38903522	0.18356255	-0.19489351	-0.33796644	0.1893308	0.1965348	0.07159309	-0.07009621	0.052917365	-0.18586472	0.2978392	0.7920664	0.27988797	-0.16035819	0.076614365	0.07702736	0.37136114	-0.3305936	0.03066829	-0.043056443	-0.06915822	0.4016872	0.4400836	-0.40389818	-0.10153078	0.2075186	-0.21531734	-0.20643456	-0.35542753	-0.2954467	-0.09433032	0.4817631	-0.09819649	0.7014177	0.030655943	-0.3930084	-0.14104018	0.6917447	0.096122354	0.16528168	-0.0517546	-0.03819983	-0.103132464	-0.2782498	0.15139838	0.1968107	0.4036988	-0.71489775	0.22618613	0.01650931	0.16011818	-0.2045756	-0.13505052	-0.15826432	-0.018884225	-0.04562077	-0.38341817	-0.65525776	0.46312732	0.21471587	-0.26913697	0.20048746	0.06352643	-0.4099564	0.024857255	0.48000094	0.41773257
-0.54762775	-0.20475326	0.26890224	0.17173211	0.09833281	0.5468636	0.11814706	-0.10662224	0.18613642	-0.14930199	-0.21133848	-0.13438177	-0.012205478	-0.12316124	0.5373622	0.2319746	-0.14607337	0.32420465	-0.028718283	-0.40046537	0.17013398	-0.12645613	-0.09618419	0.4354008	-0.26642984	-0.026917726	-0.13737124	-0.73545486	-0.15574154	0.23172948	0.4752025	-0.13013898	0.13248499	0.18772785	0.0038733915	0.030131767	0.4328096	0.03679537	0.24829333	0.23744434	-0.025831047	0.009374501	-0.09565474	0.030680284	0.90204066	-0.30246383	0.3120356	-0.5345566	0.0428185	0.20202264	-0.16722745	0.20979524	0.35885835	0.0055587944	0.27286646	-0.10630379	-0.13488622	-0.24119668	0.17806037	0.20795846	-0.09774866	-0.06469618	-0.30104932	-0.2741428	0.13533396	0.35879922	0.50129646	-0.45554537	-0.005359376	-0.3485073	0.44612807	-0.19023798	-0.0041752877	-0.072595	-0.17103562	-0.82078266	-0.48610952	0.17131346	0.14630102	0.3240447	-0.20219846	-0.079977766	-0.18121146	-0.3485364	0.1197304	-0.4675846	0.18450733	0.2529038	0.18481985	-0.69193846	-0.59885734	0.20321023	-0.3961086	-0.8263784	0.3655095	0.06182059	0.07893049	0.08261515	-0.23105729	0.0047622
-0.023363661	-0.23782898	-0.17336823	0.7607618	-0.08245246	0.5708349	0.5901057	-0.2531765	0.13844676	-0.27094808	-0.025166884	-0.31697547	-0.16259415	0.1598069	0.044586573	-0.17782529	0.68803436	-0.023540014	0.03358063	0.29938284	0.2669761	0.21795678	-0.2818149	-0.12263952	0.21790975	0.48730716	0.4857041	0.14706393	-0.09672276	0.25670514	0.01869217	0.350501	-0.13693482	-0.2505508	-0.10300203	-0.6606672	0.09687428	-0.20811625	0.30653745	-0.28823787	-0.12302546	-0.15405594	0.034429435	0.15551251	0.37166363	-0.33065987	0.06993387	-0.1130882	-0.23248164	0.31736103	-0.089327216	-0.0054428717	-0.004724832	-0.534667	1.0329758	0.5887094	-0.41644037	0.08525834	-0.093712986	0.021880278	0.10162998	0.0655899	-0.27089578	-0.07297583	0.17930551	-0.11317684	-0.074593656	-0.14730719	0.32359657	-0.461266	0.25139636	-0.43152738	-0.07650487	0.41872036	0.024220377	-0.039893687	-0.05489442	0.22347115	-0.0041785087	-0.079900265	-0.38256842	-0.34761676	0.1848387	0.1508316	-0.56010413	-0.34957683	-0.32425275	-0.1858396	-0.12267006	-0.6662245	-0.07431562	0.44559592	-0.23740953	-0.049754757	0.2881267	-0.46865347	0.30032116	0.16314854	0.42603737	-0.4699562
0.3026509	-0.37814897	-0.39586857	0.44686595	0.03627422	0.34305382	-0.10529047	-0.12118974	-0.07798293	-0.13669775	-0.12904961	-0.50958407	0.11432073	0.13625354	0.35507306	0.35937533	-0.384685	0.3704815	0.10103306	-0.120731466	-0.10513213	-0.054234155	0.17592336	0.2297452	-0.29822662	-0.009505687	0.46172845	-0.34761816	-0.3782354	0.53579724	-0.14515455	-0.26432994	0.054116216	0.17849815	-0.15856084	-0.09169378	0.6430676	-0.36860183	0.23250513	-0.05372416	0.25362623	0.11309415	-0.12006486	0.02444237	0.74331766	-0.20836288	-0.50469995	-0.08145468	-0.0517759	0.028290356	0.33752698	0.41085786	-0.31210002	-0.034582153	0.12669764	0.17791256	0.30060375	0.401132	0.2133614	0.5771569	-0.0463798	-0.24316643	0.19142772	-0.3017813	0.20786867	-0.1416431	0.13992783	-0.26148677	-0.34144983	-1.051826	0.16409473	-0.06857453	0.4329489	0.35683054	-0.0030868088	0.39034894	-0.29202658	0.3222945	0.13231798	-0.14020637	-0.33376223	0.17362928	-0.25024077	0.14032099	-0.0797968	-0.6016201	0.41425934	-0.44780663	0.15854163	0.26880106	-0.5878199	-0.10838377	0.0567351	-0.013455139	-0.10994552	-0.14002383	0.24775429	0.6379787	0.48553544	0.24541011
0.10168744	0.16214482	-0.080069974	0.2800462	-0.19480133	0.25584722	-0.053311795	0.06734731	0.14350162	0.29978648	0.1190134	-0.17378305	-0.33317435	-0.12334358	0.022242846	0.4142256	0.2637891	0.11947489	0.12458887	-0.016949363	0.6707353	-0.7362379	0.5305168	0.44391122	0.5292925	0.29693145	0.654362	-0.0065429285	-0.44771203	0.06838422	0.32154202	0.43542257	-0.12980033	-0.4151505	-0.40331623	-0.0468327	-0.10011859	-0.114835024	0.0017250741	0.039144292	-0.008363875	0.08419415	0.08333493	-0.019228373	0.4044868	-0.06627906	0.2322796	-0.3170119	0.44561931	0.5506966	-0.11421348	0.01350201	-0.071322925	-0.27346122	0.5524178	0.26406053	-0.07419761	0.046655428	0.41900542	0.20131075	0.058206286	0.18408413	-0.41999948	-0.07960824	0.15572448	0.47724983	0.07846602	-0.12600544	-0.2882332	0.03314383	0.2226327	0.045466192	0.20734614	0.09987486	0.22673	-0.2142718	0.11658346	-0.10346896	-0.07761248	-0.13808458	-0.15125981	0.22437522	-0.03499464	0.11964169	-0.46000636	-0.26776323	-0.09079783	-0.50513077	-0.29474947	-0.2262206	0.26219013	0.106901675	-0.5556438	-0.15185902	0.4895644	-0.47159928	0.27688062	0.6994324	0.2567179	-0.04019383
-0.038536087	-0.17157	-0.0796237	-0.20622472	-0.13982971	0.07000445	0.2416417	-0.06915409	-0.0078059374	0.23387337	-0.06261928	-0.09709389	0.2160949	0.1542082	0.024294078	-0.15550119	0.4822024	-0.17737226	-0.4311372	0.3845389	0.30664396	0.10401464	0.13645235	0.15335628	0.56011933	-0.38038707	0.31299403	0.2482058	-0.23481132	0.1566735	-0.2228537	0.08018334	-0.28122967	-0.034906402	0.30944374	-0.20798804	0.2090149	-0.13439983	0.016132008	0.038905926	-0.15892832	0.04998224	0.18651754	0.2632817	0.8286152	-0.51603836	0.45077336	-0.6585639	-0.25443548	0.14487268	-0.43440253	-0.5122862	-0.25434625	0.010637378	0.48061645	0.048697874	0.09336151	0.32457265	-0.32127446	0.5822197	-0.4001895	-0.30200428	-0.15962513	-0.36181343	0.51951057	0.0714986	0.6793094	-0.31773713	-0.18558544	-0.72003204	0.25593483	-0.3408587	0.51660293	-0.33788225	0.18670972	0.06917099	0.39056885	-0.412694	0.21838011	-0.3652763	-0.22184224	0.4243698	0.05433349	-0.5852166	-0.09927489	-0.75795454	0.043241855	-0.018305797	0.06727768	-0.078015015	0.2125555	0.17996994	0.105169475	-0.43577555	0.16532908	0.36983907	0.3246951	0.21535988	0.19378206	-0.11472309
0.19008239	-0.66485274	0.2091031	0.3821165	-0.22174229	0.4680799	0.011844604	-0.80250925	0.4470483	-0.015424369	0.29705495	-0.17019434	-0.0053701517	0.28790468	-0.26448175	0.8614177	0.12643138	0.06825573	-0.23820315	0.09775272	0.12621985	0.06745293	-0.24691565	-0.16386047	0.0840876	-0.16961221	0.2192928	-0.40639952	-0.011830145	0.40609527	-0.18500887	0.08656603	0.38637072	0.44188383	-0.3997846	-0.29100078	-0.017688064	0.23040663	-0.3868377	-0.17487939	-0.26397148	-0.32794428	-0.08262182	-0.05854948	0.4702525	0.24288608	0.17836337	-0.39915016	0.28247595	0.058015015	0.08621545	-0.00841186	0.28838715	0.57236785	0.11335971	-0.09223234	0.20949566	-0.12928212	0.036643475	0.06952652	-0.19146524	-0.48173887	0.111242376	-0.35892394	-0.013737764	0.18483661	0.70805883	0.12941374	-0.6286232	0.1012349	0.6843053	0.18758601	0.33429798	0.23226412	0.21564835	0.104435205	-0.07193466	-0.64123017	-0.07712159	0.057764873	-0.027276145	-0.13659203	0.041864414	0.2989163	-0.34107375	-0.22382954	-0.26143774	-0.21626638	-0.34984294	-0.017808087	-0.2866804	0.15918949	0.100956425	-0.59699374	0.11859691	0.08100088	0.16647075	0.35986876	0.3838523	-0.4974813
0.1850141	-0.2180367	0.17883158	-0.12197732	0.5551239	0.77148503	-0.07613674	-0.48837495	0.22644864	-0.6715047	0.377437	0.28737536	0.12709832	0.5351781	0.23228452	0.34662196	-0.026306039	0.03701979	-0.55591774	0.38828683	0.15253413	-0.24238299	0.04182032	0.44363284	0.07006415	0.53675675	-0.0865386	-0.8171545	-0.11133235	-0.03554856	0.0005458994	-0.42204884	-0.3635976	0.1933399	-0.043785933	0.3117697	-0.13440323	-0.07015048	-0.09508042	0.04072601	-0.094946854	-0.035824776	0.25013992	0.3531374	0.45941296	-0.23274976	-0.34583125	-0.057924617	-0.018297054	-0.16552337	0.5183508	0.1046452	-0.2954766	-0.22017762	0.36794776	0.1705177	-0.4030688	-0.034576982	0.19300857	-0.05628139	-0.23506917	-0.0187642	-0.83272886	-0.11830176	0.06237287	0.47126535	0.42213476	-0.21250765	0.12852275	-0.17080148	0.3214646	-0.46525064	0.2548632	0.3217668	0.24256428	-0.24757637	-0.559408	-0.12582527	0.4610755	0.092849225	0.11369312	0.31405026	0.17189175	-0.07107564	-0.2940916	-0.28760424	-0.18257001	-0.39930573	-0.10258314	0.2103328	0.013590275	0.46314383	0.47748804	-0.63866764	0.22438756	-0.113469236	0.26848328	-0.018752081	0.32518005	0.21483383
0.19477451	0.037605885	-0.62093633	0.113953725	-0.08002537	0.5975867	0.2949946	-0.13080126	0.3035691	0.0041037467	-0.31116346	0.458929	0.08921067	-0.18557125	0.07524559	0.31516686	0.553169	0.29733667	-0.24744293	-0.31799552	-0.06337595	-0.2153226	0.3261902	-0.1281827	0.1231981	-0.0014850448	0.39268604	-0.29399583	0.29678932	-0.3004843	-0.066985145	0.32116035	0.35027462	0.14757887	0.15986964	0.16398263	-0.072490916	-0.22680396	-0.38032633	0.575839	-0.124923795	-0.08030525	0.18108456	0.6593733	0.5126177	0.20693895	-0.21189277	-0.5836578	-0.104585946	-0.123052634	0.14119714	-0.16204938	-0.016598046	-0.6615158	0.34331834	0.16320176	-0.20539957	-0.05985169	0.038226873	0.035366084	0.0263387	0.061902206	0.08148496	-0.16676252	0.30338928	-0.3668065	-0.35039893	0.22386856	-0.7734953	-0.49145028	0.31417188	0.012946749	0.09714331	-0.1864356	-0.3061249	0.020408843	0.07928405	0.15622573	-0.08160075	0.09151818	-0.41446385	0.5761544	-0.25231138	0.09952838	0.23496939	-0.2609344	-0.5327391	-0.5442589	0.08504201	-0.20235845	-0.22946627	0.15750055	-0.28284758	-0.4130225	0.35308847	-0.14830846	0.10745785	0.80758756	-0.29575402	-0.36508983
0.17273006	-0.31863654	-0.64334285	0.27548462	0.123532034	0.2586585	-0.18702471	0.63767767	-0.15235786	-0.08230009	0.24090171	0.12996165	-0.40783024	-0.3155754	-0.06314015	-0.16029842	0.5428181	0.037575513	0.14474426	0.37530383	-0.040679246	-0.11555863	-0.21347176	0.33468068	0.16684194	-0.37243608	0.07907704	-0.5123634	0.07071129	-0.43317786	0.21322434	0.61821926	0.18332554	0.5201004	0.49637938	-0.43708858	0.25390878	-0.08783208	-0.0054538064	-0.2933878	-0.49520636	-0.119194224	-0.522227	-0.0006210989	1.0310866	-0.31507513	0.19750406	-0.1840319	-0.03133977	-0.05339764	0.46853986	0.4087725	-0.04823929	-0.15791745	0.10923607	0.5785387	-0.14181726	0.06646284	0.45663378	-0.0514292	0.076570645	-0.3544531	0.39051065	0.22478233	0.0849179	0.01523389	-0.01815657	0.047046617	-0.40109837	-0.09367007	0.26234138	-0.037926536	0.085825264	-0.072245955	0.12146816	-0.48425218	-0.39792883	-0.23030955	0.13337334	-0.009953173	0.0404703	0.34739277	-0.14396872	-0.25559703	-0.55720794	-0.2097122	-0.015859814	-0.8591596	-0.2716261	0.2124671	-0.011307814	0.06683162	-0.20983572	-0.32071647	0.41884348	0.1054581	-0.31256485	0.43895334	-0.15375301	0.15415022
-0.26571995	-0.6266257	0.3626098	0.54347146	-0.058241133	0.09523	-0.36491427	-0.4642585	0.41215262	0.06801149	-0.3233862	-0.18729252	-0.3184756	-0.17879444	-0.14392951	0.0301083	-0.08296608	0.1341296	-0.23976752	0.43019286	-0.25013953	-0.33143622	0.101897724	-0.24212457	-0.081907116	0.11126838	-0.104412176	-0.1326178	0.08460244	-0.08829314	-0.3461959	-0.25275117	0.3300269	-0.0628826	0.14656131	-0.2962226	0.11091279	-0.3155589	0.06699621	-0.22642946	-0.28615496	0.6744201	-0.3494876	-0.098815896	0.5083692	0.2850042	0.072813764	-0.588275	-0.103840634	-0.064047694	0.23444688	-0.31363505	-0.06896917	0.088773124	0.3718728	0.7413563	0.119968146	0.673865	0.42427757	0.1065497	-0.031681363	0.28324583	-0.1079015	-0.37938312	0.16770652	0.2758469	0.24177392	-0.244163	-0.08861722	-0.063743986	0.060641184	0.06366266	-0.07632892	0.090113774	0.013031058	0.39106613	0.34366006	-0.60856354	0.047760814	0.5234002	-0.26257253	-0.19040658	0.087363616	-0.1960306	-0.050398268	0.08263808	-0.3392005	-0.27474043	-0.3133218	-0.010545085	-0.6445913	0.37713924	0.20405515	-0.57711524	0.60809696	-0.19648838	0.51580364	0.63405114	-0.14652641	0.15381354
0.13465898	-0.747406	-0.12668999	0.00819362	-0.1913396	0.11664838	0.10149332	0.21437423	0.38477895	0.23535885	-0.43191165	0.52893454	0.33447945	0.27317092	-0.39974388	0.047242116	-0.103430115	-0.0054247607	0.067712985	0.42561793	0.21015562	-0.43331075	0.032256443	0.33068317	-0.2533328	-0.17981574	-0.40019882	-0.32734665	-0.1210107	-0.21593828	0.07199945	0.42056963	0.4163189	0.015534249	-0.44612283	0.22276846	-0.049699225	-0.5696722	0.36058798	0.26825562	-0.10471442	-0.3462039	-0.092675395	0.34028956	0.43273243	-0.08834235	-0.23699078	0.048583053	-0.22772351	0.735324	0.4901077	0.09063415	0.3911002	-0.34108207	0.32039016	-0.1189313	-0.50195885	-0.35399786	0.1850981	0.03475017	0.44720143	0.17666101	0.022556825	-0.03722663	0.45675248	0.060227834	0.37767056	-0.38896996	-0.30229792	-0.43703943	0.039462127	-0.12431667	0.2553848	-0.03739928	-0.015308845	0.11415988	0.40337673	-0.20415309	-0.09321555	-0.15784743	-0.5219786	0.5740578	0.34155843	0.09459976	-0.43377003	-0.49867502	0.18159428	-0.034723695	0.058075864	-0.46124986	-0.12162144	0.2068348	0.2036256	-0.14794579	-0.12954827	-0.45127794	-0.14367814	0.76790124	0.18431266	-0.5990676
0.16395812	0.067109406	-0.04780508	0.43407676	0.045512818	0.44314146	-0.025005808	-0.39293066	0.76923186	0.4833361	-0.08212605	0.28925914	-0.20311175	-0.3534787	0.1374931	-0.10208066	0.07742485	0.11514295	0.14413796	0.5723566	0.51846	0.22865695	0.3192089	0.25021407	-0.17052482	0.2748303	-0.1537801	-0.6265599	-0.012334824	0.19878115	-0.10751852	-0.33255515	-0.02905085	0.13237655	-0.14121047	0.32744637	0.19791794	-0.0062971567	0.639791	-0.42320523	0.71444553	0.16555683	-0.36954996	0.18725085	0.71148	-0.24658452	0.5897378	-0.0946071	-0.20714326	0.037148878	0.024491062	0.0019021715	-0.2522841	-0.5480763	0.0721687	0.22095372	0.32716957	0.1668849	0.2713853	0.06048016	0.2981866	-0.31605914	0.33309332	-0.30709726	0.34075043	0.26643434	-0.13388665	-0.002401559	0.1669761	0.036727734	0.23648591	-0.28810823	0.44702885	0.6685319	-0.04203248	-0.10175814	-0.28559327	-0.042802706	-0.3873283	0.013847919	0.15249458	0.48524922	-0.029679267	0.051802415	0.30347162	-0.627638	-0.26606402	-0.37058723	-0.18746577	0.11867838	-0.11439051	0.19246124	-0.47412682	-0.47643834	-0.4190635	0.5973925	0.15025379	0.1587543	0.28587037	-0.051913533
0.07854165	-0.7544923	-0.05299778	0.13347654	-0.019776186	0.7008092	0.28092268	-0.30389106	0.13294785	0.29937252	-0.293643	0.15422648	0.018941294	0.08274794	0.17675132	0.09391172	0.36711502	0.064770155	-0.41973853	0.07841627	-0.3121791	-0.2728951	0.24363548	-0.2842393	-0.077253565	-0.1613949	-0.06071314	-0.286261	-0.091016375	0.33812138	0.62599266	-0.36194342	-0.2166908	0.22359437	0.12504055	0.23029533	0.35673022	-0.58173794	0.14655596	-0.32774827	-0.12665673	0.20991224	-0.005640511	0.30093366	0.22558253	0.32738653	0.51595205	-0.027315957	0.5309541	-0.2917065	-0.0505009	0.27507892	-0.09644242	-0.41183856	0.6169716	0.6737482	0.09431077	-0.06814329	-0.039564054	0.26666728	-0.061891694	0.059561834	0.040445805	0.11407345	0.06880879	0.26522842	0.9057945	0.031085545	-0.4162491	-0.5277896	0.28545004	-0.23298532	0.107351206	-0.0033936864	0.41340294	0.14102946	-0.28902683	-0.31137323	-0.18830031	-0.5555137	-0.054950815	-0.41362607	0.41430783	-0.29773587	0.06669888	-0.40354344	-0.79732263	-0.32342747	-0.40065306	0.4027859	0.117286	0.43799937	-0.010814694	-0.0032271205	0.1276518	-0.26082987	-0.38915098	-0.27122697	-0.21719788	0.12307193
0.5957434	-0.37079504	0.5603259	0.14170097	-0.029403508	0.32708973	0.4290217	0.20029911	0.32929432	0.25678617	-0.15750828	-0.18571201	-0.3057904	0.41933665	0.4449184	0.07102467	-0.13878159	0.18757574	-0.109621905	-0.052906156	-0.13087052	0.34317857	-0.08947493	0.10002633	0.24706767	-0.14631982	0.19837949	-0.04240313	-0.4132303	-0.4095412	-0.13745666	-0.19370896	-0.28413868	-0.43512437	-0.34177318	0.020552674	-0.10196247	-0.37391162	0.72079533	-0.56628513	-0.67173177	-0.17018001	0.29247507	0.5007042	0.70960283	-0.20456278	0.014427457	-0.06132309	-0.33915284	0.24388745	-0.28924027	-0.111556076	-0.08890668	-0.39766833	0.6577069	-0.2266401	0.050566588	0.68461955	0.08171857	0.33323523	0.4273849	-0.41479138	0.5163126	-0.020292671	0.01391923	0.3688682	0.05842473	-0.27273282	-0.32358342	0.0025194967	0.7202897	-0.41063276	0.17634387	-0.53386474	-0.11292888	-0.21208967	-0.13213916	-0.022500522	0.1236446	-0.27435854	0.38935634	-0.049180735	-0.2928897	-0.3580764	0.009554536	-0.5169576	-0.30355337	0.14021389	-0.2953547	0.5066318	-0.030011836	0.44729358	0.098847464	-0.53743494	0.437682	-0.046763055	0.08263368	0.2342916	-0.11214011	-0.018671352
0.3542056	-0.13273433	-0.36118737	0.46453893	0.290994	0.03148367	0.081252575	0.09729992	0.30429322	0.06508863	-0.5318764	0.49762267	-0.19342083	0.09774566	-0.30834448	0.296841	-0.3966318	0.56851774	0.047952667	-0.0483964	-0.073355265	-0.5623289	-0.37429377	0.5220221	0.16799466	-0.14500913	0.22879887	-0.5570779	0.120963	-0.28909042	0.4758017	-0.30557168	0.08510429	0.17954378	0.44850758	0.12102227	0.4645433	-0.1534511	0.13009098	-0.52948093	0.35850444	-0.3135274	0.06825291	0.25565773	0.5812938	0.19489762	-0.23793955	-0.2232426	-0.2661631	0.5069226	-0.10288466	0.34320307	0.092554666	0.085156664	0.7429266	0.3263311	-0.1266352	0.48707366	-0.051792353	0.29256174	0.26907828	-0.33494383	-0.3690073	-0.5101166	0.35435173	0.11702427	-0.01786371	-0.10638658	-0.20175901	-0.49998382	0.42746583	0.6283053	0.28729707	0.39658126	-0.040900923	0.14176357	0.1505899	0.39232275	0.11528254	0.09508373	0.18716288	-0.05038241	-0.040417578	-0.61282796	-0.48558214	-0.30400863	-0.09419359	-0.2557232	-0.35695586	0.103262715	0.054093275	-0.15971354	-0.5281404	0.06347364	-0.25043398	0.14775746	0.14173862	0.121992484	0.2191282	0.18876316
-0.045925394	-0.3905583	0.21898507	0.48586285	0.2997044	0.3314515	0.49642795	-0.16738269	0.29340228	-0.12085688	-0.50641525	-0.014386672	0.32062557	-0.28328046	0.29078606	-0.24750741	0.22585599	0.46340775	-0.06722737	0.26092294	0.19835125	0.044321716	0.08503676	0.2360935	0.1339126	0.46854955	-0.33459052	-0.1713962	0.17935035	-0.124581754	0.24195014	-0.06561856	-0.14107491	0.38422257	-0.4824468	-0.123576805	0.22893511	0.2200645	-0.018656608	0.058286283	-0.35388017	0.09763971	0.5449433	-0.174352	0.16918567	-0.31048778	-0.31774434	-0.19008464	-0.22068687	0.70436704	-0.0053685	-0.25665396	-0.016541649	-0.35103878	-0.29845783	0.075917654	-0.19660865	-0.21552674	0.26314557	0.8820033	-0.5575554	-0.44099227	-0.14806968	-0.14213526	0.049780305	0.1493023	0.14134328	-0.3277045	-0.43998155	-0.26806942	0.10848533	-0.13897446	0.13233688	0.40323356	-0.4747188	-0.2848087	-0.48921385	0.05530306	0.038991302	-0.009462587	-0.16203752	0.10818264	0.4284863	-0.20328367	-0.33438876	-0.12922955	-0.7403492	-0.32077232	-0.34628823	-0.1352592	-0.6558551	0.27006468	0.09598349	-0.34736007	-0.09671979	0.08447532	0.1398094	0.49788266	-0.030065028	0.7199474
0.35440576	-0.4571966	0.04659138	-0.23184393	0.28635496	0.28890905	0.22662008	0.22508936	0.18556324	0.42197746	-0.24580683	-0.5606463	0.006626948	0.2930906	-0.23272952	0.047788844	0.21542281	0.15665536	-0.6468344	-0.35564342	-0.035817094	-0.09787584	-0.2529976	0.60329837	0.099237524	0.15180118	0.3154676	-0.15102041	-0.0034544552	-0.0034806733	0.10263103	0.021524234	-0.3357646	-0.07845403	0.044277698	0.23648429	0.22421905	-0.12679274	0.11604702	0.25852433	-0.5056709	-0.030861551	-0.3005839	-0.19003683	0.5082467	0.26356307	0.41482347	-0.039865106	0.14411229	-0.3362102	0.6997395	-0.47340387	0.62460154	-0.49240047	0.7503937	0.1878627	0.36662266	0.1768331	0.6193956	0.0685555	-0.1684613	-0.015313253	-0.029746123	-0.41577664	0.026672723	0.14239256	0.05044501	0.1858785	0.12350164	0.13074817	0.658623	-0.17250496	-0.17718641	0.11714749	-0.0842375	-0.36108553	0.16568564	-0.50819737	-0.07913285	-0.2829804	-0.21858999	0.6351896	0.045923874	0.38000393	-0.27056998	-0.35316253	-0.091480926	-0.09566788	-0.066078484	-0.5057465	-0.61415976	0.17247641	-0.20780402	0.28064632	-0.29995924	0.089592144	0.5278639	0.20756795	0.70707256	0.078646004
-0.058029212	-0.10949349	0.3629464	0.6641353	-0.046430346	0.5512467	-0.48584023	-0.14366159	0.53969896	-0.39588714	-0.0338996	-0.29435754	0.10040214	-0.028208483	0.05778201	0.2715996	0.05934291	0.08441126	-0.05808889	0.42211267	0.08699999	-0.16271381	-0.17600687	0.0062414235	0.44439882	0.13606606	0.06662126	-0.045828722	0.05557982	0.33959925	-0.116288304	0.09078987	0.16892773	0.11119678	0.33471072	-0.6311754	0.4169276	-0.41761196	-0.3038228	-0.399089	-0.28060573	0.72753525	-0.22216205	-0.18607023	0.61359966	0.32350963	0.23593509	0.1208728	-0.35480723	0.05328462	0.0025958032	0.013145368	0.5159032	0.11138436	0.31373256	0.15511982	-0.25990456	0.23710577	0.30592558	0.4255792	-0.21713784	-0.11351587	-0.33929056	-0.3449126	-0.5774729	0.3830774	0.46317542	-0.13488859	-0.44726998	-0.09322043	0.64816725	-0.16943878	0.30991432	0.10696185	0.100345574	0.022436662	0.24330106	0.30825898	-0.036590412	-0.19760467	-0.34875247	0.485221	-0.25309294	-0.018839229	0.3681884	-0.22617568	-0.52496237	-0.14558926	0.33553877	0.29331428	-0.39362368	0.7137077	-0.11811143	0.5071007	-0.34943512	-0.2834001	-0.5161385	0.21106905	-0.24100316	-0.46220112
0.10481797	-0.31701794	-0.20497276	0.27933684	-0.25500163	0.38426647	0.3555325	-0.1774046	0.3227282	0.3453913	0.13860403	0.08658749	0.20035955	-0.21405284	-0.1396958	-0.11398651	-0.026794566	0.5377864	0.022442808	0.1042868	0.1592284	0.088202305	0.67643005	0.804068	0.2671528	-0.20950061	0.3944363	-0.79933023	0.15116157	-0.4451813	0.31744316	-0.016062897	-0.2074023	-0.06534623	0.077947825	-0.07317466	-0.61345714	-0.46720248	0.33778864	0.03633557	0.016979327	0.10169824	-0.056379095	-0.16294591	0.875769	0.00041561632	-0.16281259	0.013639728	0.054061547	0.58641493	0.5020408	0.13901141	0.15391363	-0.036282938	-0.10800398	0.31923705	-0.23703083	0.5009063	-0.3132727	0.508662	0.16623794	0.07314256	-0.18899304	-0.27852407	-0.6308755	-0.26446694	0.14011927	-0.047773167	-0.22974247	-0.52507204	0.2834173	-0.0070379986	0.4402422	-0.13833973	-0.25995234	-0.041117564	0.11754901	-0.29843977	-0.11179124	0.233338	0.31926772	0.26928958	0.089391656	0.07249594	-0.13340357	0.1712271	-0.5469273	-0.4494772	0.33713615	-0.06394303	-0.5498588	-0.19312501	-0.22524527	-0.27270722	0.64457595	0.4623627	-0.18145812	0.16039751	0.053804018	-0.15829511
-0.41011003	-0.65029895	-0.3698729	-0.16829114	-0.17204893	-0.012512674	-0.18339224	-0.5462438	0.08008473	-0.2922646	-0.4440115	0.037730124	-0.33078334	-0.105631374	-0.01418964	0.0049225893	0.56702137	-0.4438743	-0.3463776	-0.06463453	0.06679068	-0.30344534	0.10361336	-0.16194169	-0.5419614	0.32547134	0.3704122	0.094294004	-0.14531098	0.08557782	-0.27251378	-0.20819412	0.6876053	0.3355871	-0.43962345	-0.4346312	0.24921884	-0.08238066	-0.069840714	-0.5179495	-0.003539377	0.20879208	0.0993663	0.41809392	0.8130561	0.256863	0.016160186	-0.08531684	0.44285575	0.18563987	0.1519273	0.065079406	-0.07162527	-0.5942205	0.40463284	0.19920145	-0.12623134	0.20154849	0.05605808	-0.27393886	0.2553876	-0.29759574	-0.11976259	-0.61783373	-0.3834959	0.77179694	0.16139854	0.017717054	0.017059596	0.022397636	0.41834322	0.01788146	0.14542936	-0.44041377	0.015459222	-0.11047423	0.4357453	-0.07797559	0.22401856	-0.38379866	0.21292053	0.2832021	-0.10808117	-0.24505526	-0.1645875	-0.6827752	-0.36984468	-0.24590378	0.013311766	-0.10711968	0.046166677	0.40136138	0.20300467	-0.45100477	-0.011739493	0.2376323	0.21936744	0.34956816	0.2588201	-0.06666271
0.7381507	-0.022463296	-0.22142546	0.095766805	0.031976953	0.29776624	-0.41973567	0.14712326	0.16836584	-0.22778201	-0.09872503	0.053451084	0.37124228	0.047588225	-0.23261769	0.0480123	-0.14447467	0.5970312	-0.38259962	-0.0059430497	-0.033975698	-0.52661234	0.24279013	-0.004248478	-0.3934227	-0.13099805	0.35910988	-0.06346597	0.3750699	-0.37519637	0.4709428	-0.017341204	0.19689119	-0.18979006	-0.19368424	-0.11559154	0.3845203	-0.71495247	0.5617788	0.34484345	0.04969113	-0.30620614	0.21103577	0.20058087	0.8473657	0.0871447	0.319557	-0.40554264	-0.15206587	0.53304905	-0.15778542	0.45988524	0.2253688	0.25578436	-0.06602393	0.366903	-0.6553003	-0.28585497	0.31858286	-0.23109046	-0.26288104	0.12235391	-0.19991563	-0.26241148	-0.11470033	0.07049744	-0.076481745	-0.18828651	-0.584274	-0.23206905	-0.03475769	-0.69984347	-0.039009176	0.017959109	-0.5542403	0.19562793	-0.08617686	0.0031711257	-0.5884099	-0.1483081	0.0047699497	0.06815302	-0.18339726	-0.11105151	-0.38064793	-0.58881986	0.20865366	-0.6727422	0.13576631	-0.16067842	0.08145928	0.5307075	-0.046841606	-0.15191041	0.23621607	0.6677606	0.117243595	0.28398883	0.16614513	-0.31139305
0.24375759	-0.34246263	-0.24094652	0.3491488	0.019637765	-0.24753867	-0.25537694	-0.21743733	0.75145674	0.3978386	0.0020755322	-0.26064825	0.24393332	0.16871569	0.30533707	0.0035673454	-0.15787168	0.569952	-0.19299044	0.07484615	0.3169453	0.060932245	-0.34900576	-0.17877278	-0.04458329	-0.15442269	-0.004288078	-0.3823769	-0.122676596	-0.15194185	-0.34901738	-0.40420243	-0.037569594	-0.2836998	0.39127973	-0.38121188	-0.24623938	0.058912795	-0.06924968	0.035687447	0.24218075	-0.21972531	0.57449704	-0.4540147	0.562562	0.22930305	0.39020646	-0.495607	-0.068552464	0.07950995	0.11612996	0.2685351	-0.64253867	-0.31756908	0.64683926	0.25841027	-0.34511054	-0.11020648	0.61707336	0.3885834	-0.09859626	-0.017597582	0.033204183	0.65703213	-0.4442574	0.26147696	-0.2519996	-0.31013182	-0.07911855	-0.49964696	0.23452729	-0.39191014	0.262298	0.13778472	0.32125482	-0.059582163	-0.48035204	-0.012959313	0.14922276	-0.07634251	-0.15403475	0.6555196	0.07804173	0.17884354	-0.3794591	-0.20353702	-0.16647765	0.12747814	0.10212755	0.059647284	-0.3693526	-0.22152486	0.056801837	-0.7788778	-0.3169201	0.3120816	-0.33443588	0.41906598	0.13600066	-0.33024046
0.040906403	-0.84380805	-0.007422265	0.5564568	-0.14136672	0.47436014	0.21808784	-0.13159204	-0.22413702	-0.15130612	0.2770225	0.21817787	-0.1254331	-0.230481	0.12982473	-0.17264383	-0.52937883	0.41712818	-0.1320906	0.33791977	0.3610244	0.31273425	-0.26752162	-0.24248426	-0.033046696	0.15038307	-0.4631924	0.12929773	-0.6216403	0.1685181	0.24093273	0.55609095	-0.40593824	-0.4475813	-0.15615161	-0.11188754	0.084737584	-0.21618691	-0.53387445	-0.006572878	0.28322786	-0.12067765	0.3128359	0.18535513	0.6699045	-0.13842331	0.033730898	-0.25632787	-0.22275943	-0.46117908	0.09196717	-0.140616	0.30827922	-0.82722425	0.15070787	0.2977699	-0.31123567	0.055340078	0.3891183	0.23209259	-0.3670173	0.38020775	0.024643743	0.26373932	-0.18188713	0.6581735	0.0016151791	-0.005832658	-0.39122516	-0.25025564	0.6471215	0.31934035	0.35798413	-0.07583834	0.044418223	-0.23106208	-0.39497402	-0.12336437	0.088510804	0.097709715	0.3629468	0.31121278	0.15853353	-0.420951	0.31129453	-0.7572662	0.29664707	-0.14783292	-0.31173933	-0.020792948	-0.19625932	0.2638843	-0.028884668	-0.48202667	-0.08435067	0.18221146	0.19900426	-0.021019746	0.17706932	-0.14355385
0.47549197	-0.0071239653	-0.23113964	-0.04632181	-0.3638315	0.25527593	0.09064842	-0.079001196	0.21526538	-0.011256447	0.3169798	-0.31431305	0.035364993	0.44527876	0.13825232	-0.115826875	-0.12479224	0.36528116	-0.19968194	0.749981	0.29934883	0.28388178	-0.6034678	0.09899507	0.17776854	0.3919507	0.128805	0.23813961	-0.331088	0.46721175	0.51131696	0.1039394	-0.03897097	-0.1255705	0.3959031	-0.28964055	-0.40953904	0.07953411	0.40133795	-0.16829227	-0.1668062	0.11080729	0.059729524	0.3543634	0.46335712	0.3903814	0.31680566	-0.3515358	0.01880476	0.08243834	0.17992903	0.39640304	-0.10954662	-0.3500635	0.3120739	-0.18277548	0.16240568	0.612837	0.20483571	-0.15993425	0.0369072	-0.1266326	0.14130472	-0.11001809	-0.14587554	0.729638	-0.39249626	0.36495617	0.20402917	-0.8096617	-0.011619451	0.19937913	0.118335105	-0.19531792	0.008530804	-0.1425204	-0.3220179	-0.44275433	-0.5204654	0.07517166	-0.7166965	0.56900436	0.17756838	-0.49897414	0.102991484	-0.24490966	-0.23991072	-0.23220974	0.279926	0.21602748	-0.32390466	0.6474822	-0.15087914	-0.9251064	-0.15540777	-0.2075924	-0.048795484	0.581185	-0.14509347	0.25669128
0.29356945	-0.11313268	-0.5280184	0.291775	0.15601362	0.034627073	-0.050862364	0.0826622	0.20275763	-0.03873134	0.27274555	0.30230007	0.07552534	0.32443583	-0.17548919	0.09483176	-0.39803788	0.037082423	0.0025773554	0.03214596	-0.28770956	0.16091807	0.08888688	0.14703004	0.08206221	0.0047464254	-0.053224213	-0.049431365	-0.42859778	0.51225424	0.6276628	0.68476677	0.34648842	-0.5009098	-0.25250107	-0.122463554	-0.06770505	-0.037514888	-0.17020923	0.11346077	-0.099062376	0.31704637	-0.7971394	0.011458221	0.5418705	-0.22064482	0.17316018	-0.5590218	-0.3434466	0.3327331	-0.14245607	0.19344294	-0.038502492	-0.5825055	0.5323041	0.26130787	-0.19865733	0.29108936	0.57781714	0.4175093	-0.2239997	0.13492005	-0.20629843	0.00807093	0.009393232	-0.4756864	-0.0135086095	-0.6218795	0.23700467	-0.12975913	0.22318068	-0.39083365	-0.15243098	0.2595804	0.39509645	-0.16386028	-0.26172468	-0.36017552	-0.2797037	-0.23256347	0.5675829	0.25933105	-0.23994677	0.10120202	-0.22469062	-0.3563811	-0.8713506	-0.37262765	0.038357846	-0.59359473	0.015624724	0.26449838	-0.28635153	-0.25806352	0.2664967	0.3900783	0.42655337	0.49691358	-0.027678313	0.42776695
0.3261891	-0.463848	-0.32692343	0.10389645	-0.102843106	0.26411426	0.06772732	-0.2066263	0.52551854	-0.045714002	-0.041828513	0.11546508	-0.1825872	0.04465931	0.42157763	0.72157204	-0.4409949	0.13847014	-0.664346	0.17131774	0.3420305	-0.07088729	-0.41237056	-0.47976738	-0.20242266	0.54259837	-0.01717129	-0.19193076	-0.12218735	-0.050732866	0.6204141	0.56707215	0.027043032	0.52066565	0.13858972	-0.5462849	-0.43968537	-0.4252176	-0.05248316	-0.40071782	0.38228133	0.13321447	-0.37687272	0.09563665	0.46635273	-0.18565643	0.2652435	-0.039115947	-0.3326307	0.2363385	0.5429515	0.42953476	0.038261387	0.02995018	0.02690243	-0.080732614	0.13363849	-0.13796292	-0.2293918	-0.019318594	-0.39233398	-0.60095483	0.102795884	-0.12227157	-0.09221118	0.40634733	-0.13182306	-0.60681605	-0.3831075	0.022034755	0.6351572	-0.25139794	0.21607316	0.20280936	0.34576198	0.3966311	0.61702555	-0.09344164	0.4201653	-0.29154727	-0.41642633	0.34696642	0.21209466	-0.12850755	0.2231891	-0.3643421	-0.5494963	-0.20167865	-0.03466055	-0.46539652	-0.15560068	0.44318104	-0.106157586	-0.44447488	0.25055143	0.048549563	0.2825059	-0.42191073	0.12482052	0.30783886
0.5369969	-0.10580041	0.3414169	0.23295301	-0.36870262	0.54543173	-0.13947493	-0.2108148	0.056358963	0.01058212	0.15010709	0.07724403	-0.17418976	0.08888451	-0.8453727	0.14416455	0.09665611	0.36869702	-0.19135623	0.3861694	0.115270995	-0.17512284	-0.35541177	-0.05825651	-0.43298092	-0.38307396	0.10238494	-0.0548096	-0.26086977	-0.21122962	0.23703676	0.37860027	0.12612565	-0.17777798	-0.05850932	-0.20127468	-0.09707633	0.10308354	-0.13371077	0.050734494	0.5881349	0.22997968	0.24448794	-0.32690322	0.9723327	-0.31222337	0.167179	-0.09054849	0.2896572	0.5838257	0.44661027	-0.7087399	0.10172055	-0.37864578	0.48247078	-0.21193862	-0.054035928	0.48380986	0.03256001	-0.102011114	-0.03974081	0.09627509	-0.0938756	0.44518688	0.047948107	-0.11080685	-0.2976669	-0.07809976	-0.27166212	-0.6846717	0.71707207	-0.4158723	-0.059838574	0.23067228	-0.24188676	-0.24491097	0.08833156	-0.050544154	-0.48538038	0.022635471	0.10000793	0.6274748	-0.13673648	-0.42300528	-0.20683685	-0.597275	-0.40412948	-0.5472636	-0.4621224	0.36188394	-0.104977526	0.17823444	-0.026001817	-0.104777545	0.088379465	0.36533958	0.15082416	-0.33553097	-0.04825436	0.06629339
-0.13767956	-0.30124155	0.45307928	-0.032558326	-0.37332603	0.048014197	-0.43738133	-0.0061737527	-0.090559356	-0.31768963	-0.22565402	-0.12152164	-0.23382966	-0.14746839	0.42787385	0.20287274	-0.09459392	0.30271205	0.14540523	0.61745274	0.11270897	-0.3778889	-0.31777164	0.06684173	0.05400115	-0.19017825	0.0050688284	-0.12609363	-0.34894523	-0.34531108	0.18798448	-0.26085255	-0.20984541	0.0566231	-0.084448405	0.40430582	0.03732855	-0.08627068	-0.26153967	0.033866473	-0.45287755	0.5420062	0.104308166	-0.011437106	0.6395073	0.33576357	-0.11909002	-0.3336976	-0.55131173	-0.21152373	-0.008254561	-0.30482835	0.3562816	0.26001322	0.71265453	0.3061596	-0.0687464	-0.39282417	0.16616091	0.010541572	-0.24660149	-0.04659876	-0.0073477034	-0.8781381	-0.07166067	0.3986482	0.5160883	-0.30877453	-0.010976857	-0.057899963	0.8100379	-0.14626978	-0.007896705	0.47623274	0.37274015	0.11122998	0.19478472	-0.4057711	0.005265347	-0.07653566	-0.5989549	0.26713476	0.076511845	0.5596413	0.27607667	-0.30372885	-0.34917188	-0.60529584	-0.2605298	-0.1129089	-0.6135702	0.00020674082	-0.1789141	0.05287948	-0.008762685	-0.08906712	-0.44863015	0.3175722	-0.08183264	0.4173932
0.22473335	-0.06885983	-0.2018058	0.6808109	-0.6105146	-0.26275635	0.14305548	0.1687043	0.04340874	0.64632386	-0.14549454	0.14277212	0.1559145	0.19780841	-0.014734127	0.0054778405	0.019244894	0.059594747	-0.055610687	0.31388205	-0.053257357	-0.6045129	0.074323	0.37028092	0.0059448816	-0.023916736	-0.024498856	-0.5417696	0.123863466	-0.16109784	-0.17548348	-0.21853884	0.815549	-0.14570259	-0.5107272	-0.122700036	-0.17121553	-0.36126268	-0.031577498	0.30498448	-0.3629097	0.052951343	0.3572159	0.30411187	0.61309826	-0.06528626	-0.15759946	-0.41166398	-0.16722165	0.1567129	-0.26329958	-0.12089604	0.021452969	-0.073198125	0.65118676	-0.16382413	-0.022639688	-0.33718175	0.6335476	-0.009183552	-0.13610503	-0.044872865	-0.12075119	-0.08135637	0.025388869	0.6398872	0.23165928	0.039782807	-0.3185764	-0.445527	-0.093300514	-0.17727043	-0.08859655	0.50843245	-0.17290501	0.36476955	-0.49207553	-0.4369743	-0.32885155	0.033952937	-0.39168045	0.11822805	0.5087109	-0.187464	-0.19316486	-0.4977132	-0.25736907	0.103680246	-0.24217027	-0.031706896	0.2631874	0.34687006	-0.6883683	0.19778156	0.23286635	-0.02571201	-0.2950041	0.5980606	0.47241026	-0.45497614
0.19070657	-0.42577314	-0.24410936	-0.17770301	-0.11972746	-0.6485514	0.0757566	0.22098416	0.37167728	0.222522	0.03800587	0.026222495	-0.54996294	-0.11977407	-0.3893975	0.34604105	0.7162493	-0.0046431543	-0.11296884	-0.09886711	0.31161833	-0.40249392	-0.061585125	0.0939734	-0.28916198	0.7102739	0.10563496	-0.11399183	-0.017877469	-0.035485424	0.4902567	-0.20503584	0.38474682	0.055784676	-0.32506838	0.21772362	-0.06228727	0.19516921	0.31915948	0.29211095	-0.18402055	-0.24276869	0.23318826	0.05937365	0.70568603	0.26567835	0.36126122	-0.18836342	-0.9058096	-0.011543325	0.24578753	-0.04696796	-0.039013185	-0.093578696	0.1375368	-0.2787175	-0.21339628	-0.32363865	0.26836535	0.11610659	-0.6775469	0.21501172	-0.51234984	-0.4480089	0.07047096	-0.035407174	0.3220068	-0.16512217	-0.43309054	-0.43981504	-0.06002376	-0.1809195	0.27397177	0.0049318275	-0.45708475	-0.10906187	-0.27565378	-0.49350196	-0.09023017	-0.3456763	-0.29786485	0.1921117	-0.09696995	0.028354954	0.019481458	-0.18093172	-0.288357	0.1422934	-0.33691368	0.2431151	-0.35112604	0.5683575	-0.16487928	-0.040349025	-0.17649297	-0.42157283	0.48404834	0.5510127	0.39312077	0.31289372
-0.2093186	-0.447208	-0.44751626	0.49475455	-0.2599097	-0.22900306	-0.18723823	0.12147155	0.13845845	-0.47120973	-0.41908377	0.051594343	-0.21390995	-0.50658476	0.15654936	0.37019458	0.11474979	0.0066874386	-0.20779371	0.08548671	0.16663481	-0.13284554	-0.004090606	0.45672116	0.25777975	0.56075627	-0.10723243	0.37000328	-0.097876705	-0.349005	0.063551344	0.3705347	-0.06707187	0.03406549	-0.14894941	0.123133525	0.16624929	-0.067461945	0.051520232	-0.2516675	-0.43790647	0.10834545	0.5203121	-0.44302693	1.0066035	0.29329482	0.0951836	-0.34257078	-0.27588442	-0.0763614	-0.12653245	-0.59654015	0.39638114	0.2129725	-0.0004185334	0.31256232	0.4202639	-0.23956479	0.29624677	0.532316	0.09914223	0.3008485	0.47019684	-0.33914548	0.4788755	0.49993238	0.28123975	0.1981207	-0.42582816	-0.11859343	0.79732716	-0.07097685	-0.29467985	0.42601827	-0.0962959	-0.057144117	-0.44349426	-0.12031535	-0.074428216	-0.2684256	-0.26772326	0.38531464	-0.26020104	0.39010537	0.04319444	0.049161576	-0.85667783	-0.16721086	0.13541861	-0.13359565	-0.41385245	-0.03098927	0.3739196	0.11072003	-0.1457333	-0.05787554	-0.02082653	0.29282728	0.0668073	0.06925776
0.5117342	0.10209651	0.05844433	0.47456473	-0.105371945	0.008920941	0.0830795	-0.56353724	0.24108711	0.32244608	-0.057565082	-0.20557909	-0.07821159	-0.28918883	0.08084104	-0.04037007	0.079101175	0.35156274	-0.6546393	0.4914921	-0.11319626	0.058060423	0.24589501	0.5657509	0.40811756	0.56556803	-0.2875947	-0.11466872	0.09739277	0.56330246	0.017279182	-0.051267292	0.33105752	-0.056661297	0.26374584	-0.08307315	0.36149257	-0.061492447	0.32548168	-0.03591447	-0.13339521	0.22270544	-0.6021842	0.090221465	0.24306414	0.44087112	-0.16587354	-0.4694994	0.22405352	0.019566253	0.032612078	0.4305989	0.0306512	-0.23739919	0.019475443	0.08408437	-0.30040622	0.024956405	-0.83228743	0.40753958	-0.46635163	-0.14319174	0.11754601	0.5343262	0.12028607	0.3522304	0.4234606	-0.083930194	-0.83564025	-0.3712317	0.49171674	-0.22044	-0.32597545	-0.36198825	-0.24169382	0.04629885	0.28553984	-0.14927742	0.22922954	0.13057816	0.2897363	0.40378952	-0.027700989	0.33732364	-0.3947732	-0.7665237	-0.6045518	-0.4861741	-0.67642814	-0.19661072	0.28938997	0.11060894	-0.32025903	-0.16660331	-0.108319096	-0.53876996	-0.28324705	-0.06915458	0.35392192	-0.28770015
0.39647695	-0.2960651	-0.123885565	0.20925716	-0.24871442	0.21805742	0.19491884	-0.4365433	0.14416158	-0.3639874	0.1433644	0.014010557	-0.64211667	0.35093737	0.26012015	-0.26886004	-0.012451459	0.54189515	-0.37972733	-0.066234626	-0.22141562	0.03666436	0.19046073	0.71861815	-0.0461767	-0.10612644	0.7987018	-0.24295142	-0.18164365	-0.44748113	-0.18763813	0.27737507	0.38131657	0.15900292	0.37880796	0.022537697	0.3284285	-0.10963877	-0.03270428	0.53813815	-0.45179573	0.82705003	0.18164498	0.28756687	0.6462417	0.06354877	0.30922136	-0.47667098	-0.44073656	0.31594333	0.367694	0.7909159	0.56538737	-0.29460505	0.18450521	-0.007254444	-0.092759944	-0.42745644	-0.47775438	-0.019176671	-0.20005871	-0.016289566	0.3924241	0.12693176	0.20514844	0.17282636	-0.03975974	-0.22345173	-0.17845206	-0.22280838	0.8435857	0.013574728	0.44439584	0.10124285	-0.06296068	0.14443107	0.46128297	0.21207722	-0.5309255	-0.051936585	-0.015990378	-0.051209655	-0.08911448	-0.09673544	-0.5489013	0.21253705	0.26775688	-0.14987558	-0.18836659	0.039046843	0.0762239	-0.008177308	-0.45555523	-0.15594932	-0.27468312	0.5400171	-0.15087664	0.22608015	0.14630128	0.08576555
0.208248	0.0014820813	0.09963977	0.29252502	0.098396264	-0.1795745	0.24904697	0.1581368	-0.039292444	0.107708134	-0.022740476	0.26687887	0.16219091	0.27442846	-0.013190614	0.0001724271	0.09564688	0.06376065	-0.7223968	0.3563241	-0.5412146	-0.34140652	0.56380516	0.5457656	-0.27499107	0.091417424	-0.049429905	0.042590752	-0.41326532	-0.32493713	0.30317563	0.4410584	0.4988039	-0.17544344	-0.48922554	-0.21360435	-0.124272905	0.1376197	0.3041874	-0.08754473	-0.35109618	0.28106079	0.18375283	0.33877292	0.83905065	0.22467418	0.11722507	-0.32595497	-0.19439152	-0.15923266	0.6458161	-0.21209155	0.045501914	-0.32430983	0.23199086	-0.2270483	0.07292301	-0.5587874	0.17922412	0.13214955	-0.12994802	0.14712371	-0.23762645	-0.26294544	0.06619053	0.0841145	0.5051089	-0.28458142	-0.39952245	-0.3028467	-0.06683775	0.10233771	0.26504105	0.45290843	0.12547489	0.38588628	-0.3334477	0.16253258	-0.12372853	-0.2546876	-0.50030583	0.5229946	0.06399853	0.37306058	0.20036979	-0.28674018	-0.08290345	0.074344516	-0.33620656	0.009167166	0.8084004	0.07738174	-0.5301002	-0.15507205	0.0019452395	-0.10141951	-0.049022846	0.4711885	0.4638	-0.27504638
0.5841278	-0.50939125	0.123263754	0.46096647	0.06201032	-0.38600668	0.26887268	0.16315176	0.14479539	-0.45550203	-0.5307996	0.12747996	-0.11229978	-0.71642727	0.20561388	-0.06033793	0.11850437	0.18030006	-0.8195467	0.13570203	0.18963449	0.022582334	0.08809774	0.6236584	-0.035946276	0.2439457	-0.25693744	-0.2455935	-0.1569144	0.16189066	-0.4456305	0.28608778	-0.07773427	-0.44231096	0.31948575	-0.46232143	0.26471964	0.22506142	0.27483	0.10754947	-0.23513433	0.1562058	0.067977406	0.0033815166	0.7899881	0.5530688	0.12690522	-0.45716876	0.1971779	-0.14387769	-0.085994095	-0.004770613	0.22930562	0.37069517	0.17781062	-0.17675814	-0.7012462	-0.6025768	-0.057383075	0.32602236	0.04073417	-0.022821074	-0.111528665	-0.48007038	-0.04256555	0.01925754	-0.25546217	-0.23010343	-0.2851814	-0.52573204	0.62933177	-0.04832734	0.2744068	0.5436723	0.14599428	0.41938543	0.28303534	-0.54971117	-0.12283955	0.009528873	0.063316464	0.012722624	-0.120828405	0.30550885	0.49759716	-0.18795705	-0.2851817	0.059381045	-0.8046935	-0.20822	-0.33781567	-0.011273716	0.040281765	0.33296883	-0.106391124	-0.10210899	-0.079807736	0.3910946	0.1694002	0.08993905
0.40086684	-0.40855736	-0.039844666	-0.116531916	-0.13595054	0.58849	-0.19692072	-0.10075763	-0.33203867	0.43222803	-0.08979322	0.89153486	-0.17637262	0.0931649	0.23829983	-0.47747168	0.17433767	0.5225186	-0.1389925	-0.34904873	-0.07410315	-0.38567066	-0.11880323	0.77686936	-0.2055564	0.12925039	0.118929215	0.030285561	-0.17845742	0.40266496	-0.28727484	-0.19728698	0.40178525	0.0013048002	-0.023179615	-0.160509	-0.34400895	-0.14948645	-0.26680115	0.17701209	-0.10301319	0.04038439	0.14990517	0.32162198	1.3748487	0.2045191	0.21145293	-0.23219694	-0.18610388	0.43748927	0.2598173	-0.033842206	0.0015958735	-0.21191941	0.114265144	0.27127403	0.30080906	-0.100316934	-0.003120753	-0.02937098	-0.57735205	-0.29479054	-0.43429562	-0.1358673	0.3418304	0.23701097	-0.20942073	0.090913765	-0.47393033	-0.041298267	0.5027839	0.1902412	0.14021076	-0.1049297	0.2784688	-0.27713826	-0.17938857	0.052984815	0.20826794	0.009505146	-0.34095627	-0.34569436	-0.7202623	0.29108542	-0.59497386	0.40094575	-0.08639735	-0.058138814	0.10482476	-0.21395616	-0.4139008	-0.03808225	-0.07673167	0.13249247	0.3211544	0.36765516	-0.4505074	0.19870807	-0.1816499	0.14596564
0.0649979	-0.4523701	-0.27712724	0.6240584	-0.5385973	0.5602751	0.035784714	-0.24583718	-0.03470851	-0.2927939	0.045882396	0.14915611	-0.17062683	0.014614366	-0.19606927	0.31261495	0.24744788	0.5006617	-0.6986634	-0.19138435	0.24137786	-0.48849303	0.18549047	-0.08744477	-0.039369732	-0.041739624	-0.16855846	0.066078566	-0.09204272	-0.09706073	-0.6148052	-0.15676996	-0.19703273	0.43462554	0.053507704	-0.11484219	-0.27743044	0.076761484	0.31615055	-0.49605182	0.41199696	0.31990397	-0.08341313	0.95155346	-0.12243698	0.2059571	-0.06930335	0.006826872	0.02873728	-0.03637875	0.0007973257	-0.040570546	0.09724062	0.17912784	0.24533796	0.3349393	0.10689055	-0.21692695	-0.1105683	0.06114351	-0.2802975	0.17260487	0.026040526	-0.031217908	-0.5345244	0.6436993	0.48038572	-0.18269669	-0.6231594	-0.28282103	0.7893399	-0.490115	-0.015835293	-0.18735373	0.90996724	-0.3489785	-0.6596851	0.07935591	-0.04068653	-0.5707995	0.24243253	-0.04807535	0.32837364	-0.17436427	-0.22264431	0.016201824	-0.403572	-0.06856607	-0.12157567	-0.38970488	-0.15683685	0.2775899	-0.31303474	-0.04579033	0.08377723	-0.44245252	0.2867421	0.407346	0.54737264	0.14793667
-0.10727047	-0.3258015	-0.29641947	0.27203432	0.14817561	0.340589	-0.17508946	-0.3636924	0.5298975	0.10022545	-0.106685445	-0.11203115	-0.3007724	0.0008218849	0.22975829	-0.08845267	0.056445446	-0.32374805	-0.3786197	0.71503615	0.28167775	-0.09154906	0.30542058	-0.02249073	-0.34269613	0.13038906	-0.14591327	0.20687687	-0.58626354	0.32616344	-0.04287168	-0.076083824	-0.076176755	-0.17574291	0.24116935	-0.22671686	-0.1625981	0.3480671	0.41723084	0.625006	-0.5314595	0.35004744	-0.19650133	0.6132982	0.13895021	0.082439266	0.43649668	-0.13374192	-0.090639375	0.22527523	0.4602309	-0.0379137	0.12631755	-0.024865342	0.8828025	-0.057842173	0.12928557	-0.1683697	-0.31586868	0.4909744	0.032968625	-0.6249873	0.07253861	0.07681561	-0.06826987	0.13639921	0.13208012	0.03367962	0.09683678	-0.49038476	0.5798882	0.049038332	-0.102878876	0.21326637	-0.49351084	-0.3307548	-0.33625513	0.19382021	0.44931772	-0.14941296	0.04680094	-0.1898478	0.32315508	0.45535716	0.03066367	0.10321892	-0.39327353	-0.70964175	-0.2500699	-0.18769291	0.4255247	0.37796494	-0.57895243	0.13971816	0.2635442	-0.05905628	0.18067193	0.47530523	0.1681464	-0.38337237
0.6984791	0.009835772	-0.1730384	0.30950138	0.27127698	-0.02141093	-0.22646363	-0.292618	0.4734556	-0.1642489	-0.0023770325	0.23117213	-0.57561564	-0.35680974	-0.31895083	-0.26379937	-0.15005738	0.48845965	-0.23417939	0.13756838	-0.400131	0.78975374	-0.12056086	0.7469092	-0.10506718	0.2076184	0.043212753	-0.49540418	0.27981496	0.5492886	-0.17626218	0.517191	0.4393811	0.33801475	-0.08173186	-0.28053674	-0.3504398	-0.18680687	0.18591417	0.40531635	-0.49908918	0.04157683	0.739612	0.31535342	0.5240293	0.039511193	-0.28419918	-0.4523545	0.23984388	0.29664028	0.03081479	0.27123013	-0.4635338	-0.08626564	0.517197	0.18733656	0.062142577	-0.4348459	-0.3217935	0.5142941	-0.22529922	0.5238868	0.038203392	0.11178003	-0.00932994	0.12683506	0.39478874	0.0050099227	-0.1638134	-0.25369164	0.6272729	-0.44935408	0.04296893	0.04096889	-0.17194542	0.106583275	-0.23344928	-0.5261324	0.39587486	0.11072824	-0.20753936	0.29377207	-0.38771433	0.046288345	0.10929772	-0.3622474	0.48385757	-0.0141912075	-0.40129358	-0.42909268	-0.3766193	0.17044903	-0.48753226	0.29555032	0.096274845	-0.20789646	-0.09656381	0.029225323	-0.11458844	0.55894136
